Description,Price,Rating,ReviewCount,Url
LG 34WL60TM-B 34 Inch 21:9 UltraWide 1080p Full HD IPS Monitor (Renewed),$279.99,4.5 out of 5 stars,30,https://www.amazon.com/gp/slredirect/picassoRedirect.html/ref=pa_sp_atf_aps_sr_pg1_1?ie=UTF8&adId=A02574201I7UKDWD8KI3C&url=%2FLG-34WL60TM-B-34-Inch-UltraWide%2Fdp%2FB084G7ZDGD%2Fref%3Dsr_1_1_sspa%3Fcrid%3D3HANHGCT8DU6Q%26dchild%3D1%26keywords%3Dultrawide%2Bmonitor%26qid%3D1610183684%26sprefix%3Dultr%252Caps%252C238%26sr%3D8-1-spons%26psc%3D1%26smid%3DAD0BANCB0IN2U&qualifier=1610183684&id=581323281687812&widgetName=sp_atf
"SAMSUNG LU32R590CWNXZA 32-Inch UR590C UHD 4K Curved Gaming Monitor, Dark Blue Gray",$419.99,4.5 out of 5 stars,693,https://www.amazon.com/gp/slredirect/picassoRedirect.html/ref=pa_sp_atf_aps_sr_pg1_1?ie=UTF8&adId=A0359020268NI7NFZOLPF&url=%2FSamsung-U32R590-Curved-Monitor-LU32R590CWNXZA%2Fdp%2FB07L9G1BFX%2Fref%3Dsr_1_2_sspa%3Fcrid%3D3HANHGCT8DU6Q%26dchild%3D1%26keywords%3Dultrawide%2Bmonitor%26qid%3D1610183684%26sprefix%3Dultr%252Caps%252C238%26sr%3D8-2-spons%26psc%3D1&qualifier=1610183684&id=581323281687812&widgetName=sp_atf
"LG 29WN600-W 29"" 21:9 UltraWide WFHD IPS HDR1 0 Monitor with FreeSync, Silver",$226.99,4.6 out of 5 stars,847,https://www.amazon.com/LG-29WN600-W-29-21-UltraWide/dp/B0876DBCBX/ref=sr_1_3?crid=3HANHGCT8DU6Q&dchild=1&keywords=ultrawide+monitor&qid=1610183684&sprefix=ultr%2Caps%2C238&sr=8-3
"Sceptre 35 Inch Curved UltraWide 21: 9 LED Creative Monitor QHD 3440x1440 Frameless AMD Freesync HDMI DisplayPort Up to 100Hz, Machine Black 2020 (C355W-3440UN)",$379.97,4.5 out of 5 stars,"1,311",https://www.amazon.com/Sceptre-C355W-3440UN-Super-Curved-Ultrawide/dp/B0812DKDD9/ref=sr_1_4?crid=3HANHGCT8DU6Q&dchild=1&keywords=ultrawide+monitor&qid=1610183684&sprefix=ultr%2Caps%2C238&sr=8-4
"LG 34WN80C-B 34 inch 21:9 Curved UltraWide WQHD IPS Monitor with USB Type-C Connectivity sRGB 99 percentage Color Gamut and HDR10 Compatibility, Black",$549.99,4.7 out of 5 stars,"1,873",https://www.amazon.com/LG-34WN80C-B-inch-Connectivity-Compatibility/dp/B07YGZ7C1K/ref=sr_1_5?crid=3HANHGCT8DU6Q&dchild=1&keywords=ultrawide+monitor&qid=1610183684&sprefix=ultr%2Caps%2C238&sr=8-5
"LG 34WK650-W 34"" UltraWide 21:9 IPS Monitor with HDR10 and FreeSync (2018), Black/White",$395.26,4.6 out of 5 stars,700,https://www.amazon.com/LG-34WK650-W-34-UltraWide-21/dp/B078GSH1LV/ref=sr_1_6?crid=3HANHGCT8DU6Q&dchild=1&keywords=ultrawide+monitor&qid=1610183684&sprefix=ultr%2Caps%2C238&sr=8-6
"Samsung 32 inch UJ59 4k monitor (LU32J590UQNXZA) - UHD, 3840 x 2160p, 60hz, 4ms, Dual monitor, laptop monitor, monitor stand / riser / mount compliant, AMD FreeSync, Gaming, HDMI, DP, Black",$319.99,4.4 out of 5 stars,661,https://www.amazon.com/gp/slredirect/picassoRedirect.html/ref=pa_sp_mtf_aps_sr_pg1_1?ie=UTF8&adId=A03488281O65SWLZBVVL6&url=%2FSamsung-U32J590-32-Inch-LED-Lit-Monitor%2Fdp%2FB07CS3JGPC%2Fref%3Dsr_1_7_sspa%3Fcrid%3D3HANHGCT8DU6Q%26dchild%3D1%26keywords%3Dultrawide%2Bmonitor%26qid%3D1610183684%26sprefix%3Dultr%252Caps%252C238%26sr%3D8-7-spons%26psc%3D1&qualifier=1610183684&id=581323281687812&widgetName=sp_mtf
"SAMSUNG LC34J791WTNXZA 34-Inch CJ791 Ultrawide Curved Gaming Monitor, White",$679.99,4.5 out of 5 stars,621,https://www.amazon.com/Samsung-CJ791-Thunderbolt-Curved-Monitor/dp/B07CS3JB5K/ref=sr_1_8?crid=3HANHGCT8DU6Q&dchild=1&keywords=ultrawide+monitor&qid=1610183684&sprefix=ultr%2Caps%2C238&sr=8-8
"Samsung Business CH890 Series 34 inch WQHD 3440x1440 Ultrawide Curved Desktop Monitor for Business, 100 Hz, USB-C, HDMI, DP, 3 Year Warranty (LC34H890WGNXGO), Black/Titanium",$598.46,4.5 out of 5 stars,385,https://www.amazon.com/Samsung-Business-3440x1440-Ultrawide-LC34H890WGNXGO/dp/B08623SZH9/ref=sr_1_9?crid=3HANHGCT8DU6Q&dchild=1&keywords=ultrawide+monitor&qid=1610183684&sprefix=ultr%2Caps%2C238&sr=8-9
"Sceptre 30-inch Curved Gaming Monitor 21:9 2560x1080 Ultra Wide Ultra Slim HDMI DisplayPort up to 200Hz Build-in Speakers, Metal Black (C305B-200UN)",$278.99,4.6 out of 5 stars,"4,989",https://www.amazon.com/Sceptre-30-inch-Curved-Gaming-Monitor/dp/B07TXM7K4T/ref=sr_1_11?crid=3HANHGCT8DU6Q&dchild=1&keywords=ultrawide+monitor&qid=1610183684&sprefix=ultr%2Caps%2C238&sr=8-11
"Samsung C27HG70 27"" HDR QLED 144Hz 1ms Curved Gaming Monitor with FreeSync (C27HG70QQN)",$599.99,4.3 out of 5 stars,"1,292",https://www.amazon.com/gp/slredirect/picassoRedirect.html/ref=pa_sp_mtf_aps_sr_pg1_1?ie=UTF8&adId=A0004081P6NKFEC4DPG7&url=%2FSamsung-C27HG70-27-Inch-Monitor-C27HG70QQN%2Fdp%2FB06XSQ5QN8%2Fref%3Dsr_1_12_sspa%3Fcrid%3D3HANHGCT8DU6Q%26dchild%3D1%26keywords%3Dultrawide%2Bmonitor%26qid%3D1610183684%26sprefix%3Dultr%252Caps%252C238%26sr%3D8-12-spons%26psc%3D1&qualifier=1610183684&id=581323281687812&widgetName=sp_mtf
LG 25UM58-P 25-Inch UltraWide Full HD (2560 x 1080) IPS Display,$149.99,4.4 out of 5 stars,"3,048",https://www.amazon.com/LG-25UM58-P-25-Inch-21-UltraWide/dp/B01BV1XB2K/ref=sr_1_13?crid=3HANHGCT8DU6Q&dchild=1&keywords=ultrawide+monitor&qid=1610183684&sprefix=ultr%2Caps%2C238&sr=8-13
"Sceptre 34-inch Curved UltraWide 21: 9 Creative LED Monitor 2560x1080 Frameless HDMI DisplayPort Up to 100Hz, Machine Black 2020 (C345W-2560UN)",$349.97,4.6 out of 5 stars,628,https://www.amazon.com/Sceptre-C345W-2560UN-34-inch-Curved-Ultrawide/dp/B0812DHWCJ/ref=sr_1_14?crid=3HANHGCT8DU6Q&dchild=1&keywords=ultrawide+monitor&qid=1610183684&sprefix=ultr%2Caps%2C238&sr=8-14
"LG 34WN650-W 34-Inch 21:9 UltraWide Full HD (2560 x 1080) IPS Display with VESA DisplayHDR 400 and AMD FreeSync, Silver",$346.99,4.6 out of 5 stars,189,https://www.amazon.com/gp/slredirect/picassoRedirect.html/ref=pa_sp_mtf_aps_sr_pg1_1?ie=UTF8&adId=A04179123N42D9IL2GDFG&url=%2FLG-34WN650-W-34-Inch-UltraWide-DisplayHDR%2Fdp%2FB087JB656Q%2Fref%3Dsr_1_17_sspa%3Fcrid%3D3HANHGCT8DU6Q%26dchild%3D1%26keywords%3Dultrawide%2Bmonitor%26qid%3D1610183684%26sprefix%3Dultr%252Caps%252C238%26sr%3D8-17-spons%26psc%3D1&qualifier=1610183684&id=581323281687812&widgetName=sp_mtf
"LG 34WN650-W 34-Inch 21:9 UltraWide Full HD (2560 x 1080) IPS Display with VESA DisplayHDR 400 and AMD FreeSync, Silver",$346.99,4.6 out of 5 stars,189,https://www.amazon.com/LG-34WN650-W-34-Inch-UltraWide-DisplayHDR/dp/B087JB656Q/ref=sr_1_18?crid=3HANHGCT8DU6Q&dchild=1&keywords=ultrawide+monitor&qid=1610183684&sprefix=ultr%2Caps%2C238&sr=8-18
"LG 34UM69G-B 34-Inch 21:9 UltraWide IPS Monitor with 1ms Motion Blur Reduction and FreeSync,Black",$346.99,4.6 out of 5 stars,946,https://www.amazon.com/LG-34UM69G-B-34-Inch-UltraWide-Reduction/dp/B06XFXX5JH/ref=sr_1_19?crid=3HANHGCT8DU6Q&dchild=1&keywords=ultrawide+monitor&qid=1610183684&sprefix=ultr%2Caps%2C238&sr=8-19
"LG 34"" UltraWide IPS FreeSync LED Monitor 2560 x 1080 21:9 34WL600-B",$325.00,4.6 out of 5 stars,137,https://www.amazon.com/LG-UltraWide-FreeSync-Monitor-2560/dp/B07YRXF62V/ref=sr_1_21?crid=3HANHGCT8DU6Q&dchild=1&keywords=ultrawide+monitor&qid=1610183684&sprefix=ultr%2Caps%2C238&sr=8-21
"Samsung Business TU87F 32 inch 4K UHD 3840x2160 60Hz Computer Monitor for Business with Thunderbolt 3, DisplayPort, USB Hub, 3-Yr WRNTY (F32TU872VN)",$499.99,3.7 out of 5 stars,21,https://www.amazon.com/gp/slredirect/picassoRedirect.html/ref=pa_sp_btf_aps_sr_pg1_1?ie=UTF8&adId=A09666233H8VPUUS7DYVG&url=%2FSamsung-Business-Thunderbolt-DisplayPort-F32TU872VN%2Fdp%2FB08CLSPKJG%2Fref%3Dsr_1_22_sspa%3Fcrid%3D3HANHGCT8DU6Q%26dchild%3D1%26keywords%3Dultrawide%2Bmonitor%26qid%3D1610183684%26sprefix%3Dultr%252Caps%252C238%26sr%3D8-22-spons%26psc%3D1&qualifier=1610183684&id=581323281687812&widgetName=sp_btf
LG 34WL60TM-B 34 Inch 21:9 UltraWide 1080p Full HD IPS Monitor (Renewed),$279.99,4.5 out of 5 stars,30,https://www.amazon.com/gp/slredirect/picassoRedirect.html/ref=pa_sp_atf_aps_sr_pg1_1?ie=UTF8&adId=A02574201I7UKDWD8KI3C&url=%2FLG-34WL60TM-B-34-Inch-UltraWide%2Fdp%2FB084G7ZDGD%2Fref%3Dsr_1_1_sspa%3Fcrid%3D3HANHGCT8DU6Q%26dchild%3D1%26keywords%3Dultrawide%2Bmonitor%26qid%3D1610183688%26sprefix%3Dultr%252Caps%252C238%26sr%3D8-1-spons%26psc%3D1%26smid%3DAD0BANCB0IN2U&qualifier=1610183688&id=4180716012084987&widgetName=sp_atf
"SAMSUNG LU32R590CWNXZA 32-Inch UR590C UHD 4K Curved Gaming Monitor, Dark Blue Gray",$419.99,4.5 out of 5 stars,693,https://www.amazon.com/gp/slredirect/picassoRedirect.html/ref=pa_sp_atf_aps_sr_pg1_1?ie=UTF8&adId=A0359020268NI7NFZOLPF&url=%2FSamsung-U32R590-Curved-Monitor-LU32R590CWNXZA%2Fdp%2FB07L9G1BFX%2Fref%3Dsr_1_2_sspa%3Fcrid%3D3HANHGCT8DU6Q%26dchild%3D1%26keywords%3Dultrawide%2Bmonitor%26qid%3D1610183688%26sprefix%3Dultr%252Caps%252C238%26sr%3D8-2-spons%26psc%3D1&qualifier=1610183688&id=4180716012084987&widgetName=sp_atf
"LG 29WN600-W 29"" 21:9 UltraWide WFHD IPS HDR1 0 Monitor with FreeSync, Silver",$226.99,4.6 out of 5 stars,847,https://www.amazon.com/LG-29WN600-W-29-21-UltraWide/dp/B0876DBCBX/ref=sr_1_3?crid=3HANHGCT8DU6Q&dchild=1&keywords=ultrawide+monitor&qid=1610183688&sprefix=ultr%2Caps%2C238&sr=8-3
"Sceptre 35 Inch Curved UltraWide 21: 9 LED Creative Monitor QHD 3440x1440 Frameless AMD Freesync HDMI DisplayPort Up to 100Hz, Machine Black 2020 (C355W-3440UN)",$379.97,4.5 out of 5 stars,"1,311",https://www.amazon.com/Sceptre-C355W-3440UN-Super-Curved-Ultrawide/dp/B0812DKDD9/ref=sr_1_4?crid=3HANHGCT8DU6Q&dchild=1&keywords=ultrawide+monitor&qid=1610183688&sprefix=ultr%2Caps%2C238&sr=8-4
"LG 34WN80C-B 34 inch 21:9 Curved UltraWide WQHD IPS Monitor with USB Type-C Connectivity sRGB 99 percentage Color Gamut and HDR10 Compatibility, Black",$549.99,4.7 out of 5 stars,"1,873",https://www.amazon.com/LG-34WN80C-B-inch-Connectivity-Compatibility/dp/B07YGZ7C1K/ref=sr_1_5?crid=3HANHGCT8DU6Q&dchild=1&keywords=ultrawide+monitor&qid=1610183688&sprefix=ultr%2Caps%2C238&sr=8-5
"LG 34WK650-W 34"" UltraWide 21:9 IPS Monitor with HDR10 and FreeSync (2018), Black/White",$395.26,4.6 out of 5 stars,700,https://www.amazon.com/LG-34WK650-W-34-UltraWide-21/dp/B078GSH1LV/ref=sr_1_6?crid=3HANHGCT8DU6Q&dchild=1&keywords=ultrawide+monitor&qid=1610183688&sprefix=ultr%2Caps%2C238&sr=8-6
"Samsung 32 inch UJ59 4k monitor (LU32J590UQNXZA) - UHD, 3840 x 2160p, 60hz, 4ms, Dual monitor, laptop monitor, monitor stand / riser / mount compliant, AMD FreeSync, Gaming, HDMI, DP, Black",$319.99,4.4 out of 5 stars,661,https://www.amazon.com/gp/slredirect/picassoRedirect.html/ref=pa_sp_mtf_aps_sr_pg1_1?ie=UTF8&adId=A03488281O65SWLZBVVL6&url=%2FSamsung-U32J590-32-Inch-LED-Lit-Monitor%2Fdp%2FB07CS3JGPC%2Fref%3Dsr_1_7_sspa%3Fcrid%3D3HANHGCT8DU6Q%26dchild%3D1%26keywords%3Dultrawide%2Bmonitor%26qid%3D1610183688%26sprefix%3Dultr%252Caps%252C238%26sr%3D8-7-spons%26psc%3D1&qualifier=1610183688&id=4180716012084987&widgetName=sp_mtf
"SAMSUNG LC34J791WTNXZA 34-Inch CJ791 Ultrawide Curved Gaming Monitor, White",$679.99,4.5 out of 5 stars,621,https://www.amazon.com/Samsung-CJ791-Thunderbolt-Curved-Monitor/dp/B07CS3JB5K/ref=sr_1_8?crid=3HANHGCT8DU6Q&dchild=1&keywords=ultrawide+monitor&qid=1610183688&sprefix=ultr%2Caps%2C238&sr=8-8
"Samsung Business CH890 Series 34 inch WQHD 3440x1440 Ultrawide Curved Desktop Monitor for Business, 100 Hz, USB-C, HDMI, DP, 3 Year Warranty (LC34H890WGNXGO), Black/Titanium",$598.46,4.5 out of 5 stars,385,https://www.amazon.com/Samsung-Business-3440x1440-Ultrawide-LC34H890WGNXGO/dp/B08623SZH9/ref=sr_1_9?crid=3HANHGCT8DU6Q&dchild=1&keywords=ultrawide+monitor&qid=1610183688&sprefix=ultr%2Caps%2C238&sr=8-9
"Sceptre 30-inch Curved Gaming Monitor 21:9 2560x1080 Ultra Wide Ultra Slim HDMI DisplayPort up to 200Hz Build-in Speakers, Metal Black (C305B-200UN)",$278.99,4.6 out of 5 stars,"4,989",https://www.amazon.com/Sceptre-30-inch-Curved-Gaming-Monitor/dp/B07TXM7K4T/ref=sr_1_11?crid=3HANHGCT8DU6Q&dchild=1&keywords=ultrawide+monitor&qid=1610183688&sprefix=ultr%2Caps%2C238&sr=8-11
"Samsung C27HG70 27"" HDR QLED 144Hz 1ms Curved Gaming Monitor with FreeSync (C27HG70QQN)",$599.99,4.3 out of 5 stars,"1,292",https://www.amazon.com/gp/slredirect/picassoRedirect.html/ref=pa_sp_mtf_aps_sr_pg1_1?ie=UTF8&adId=A0004081P6NKFEC4DPG7&url=%2FSamsung-C27HG70-27-Inch-Monitor-C27HG70QQN%2Fdp%2FB06XSQ5QN8%2Fref%3Dsr_1_12_sspa%3Fcrid%3D3HANHGCT8DU6Q%26dchild%3D1%26keywords%3Dultrawide%2Bmonitor%26qid%3D1610183688%26sprefix%3Dultr%252Caps%252C238%26sr%3D8-12-spons%26psc%3D1&qualifier=1610183688&id=4180716012084987&widgetName=sp_mtf
LG 25UM58-P 25-Inch UltraWide Full HD (2560 x 1080) IPS Display,$149.99,4.4 out of 5 stars,"3,048",https://www.amazon.com/LG-25UM58-P-25-Inch-21-UltraWide/dp/B01BV1XB2K/ref=sr_1_13?crid=3HANHGCT8DU6Q&dchild=1&keywords=ultrawide+monitor&qid=1610183688&sprefix=ultr%2Caps%2C238&sr=8-13
"Sceptre 34-inch Curved UltraWide 21: 9 Creative LED Monitor 2560x1080 Frameless HDMI DisplayPort Up to 100Hz, Machine Black 2020 (C345W-2560UN)",$349.97,4.6 out of 5 stars,628,https://www.amazon.com/Sceptre-C345W-2560UN-34-inch-Curved-Ultrawide/dp/B0812DHWCJ/ref=sr_1_14?crid=3HANHGCT8DU6Q&dchild=1&keywords=ultrawide+monitor&qid=1610183688&sprefix=ultr%2Caps%2C238&sr=8-14
"LG 34WN650-W 34-Inch 21:9 UltraWide Full HD (2560 x 1080) IPS Display with VESA DisplayHDR 400 and AMD FreeSync, Silver",$346.99,4.6 out of 5 stars,189,https://www.amazon.com/gp/slredirect/picassoRedirect.html/ref=pa_sp_mtf_aps_sr_pg1_1?ie=UTF8&adId=A04179123N42D9IL2GDFG&url=%2FLG-34WN650-W-34-Inch-UltraWide-DisplayHDR%2Fdp%2FB087JB656Q%2Fref%3Dsr_1_17_sspa%3Fcrid%3D3HANHGCT8DU6Q%26dchild%3D1%26keywords%3Dultrawide%2Bmonitor%26qid%3D1610183688%26sprefix%3Dultr%252Caps%252C238%26sr%3D8-17-spons%26psc%3D1&qualifier=1610183688&id=4180716012084987&widgetName=sp_mtf
"LG 34WN650-W 34-Inch 21:9 UltraWide Full HD (2560 x 1080) IPS Display with VESA DisplayHDR 400 and AMD FreeSync, Silver",$346.99,4.6 out of 5 stars,189,https://www.amazon.com/LG-34WN650-W-34-Inch-UltraWide-DisplayHDR/dp/B087JB656Q/ref=sr_1_18?crid=3HANHGCT8DU6Q&dchild=1&keywords=ultrawide+monitor&qid=1610183688&sprefix=ultr%2Caps%2C238&sr=8-18
"LG 34UM69G-B 34-Inch 21:9 UltraWide IPS Monitor with 1ms Motion Blur Reduction and FreeSync,Black",$346.99,4.6 out of 5 stars,946,https://www.amazon.com/LG-34UM69G-B-34-Inch-UltraWide-Reduction/dp/B06XFXX5JH/ref=sr_1_19?crid=3HANHGCT8DU6Q&dchild=1&keywords=ultrawide+monitor&qid=1610183688&sprefix=ultr%2Caps%2C238&sr=8-19
"LG 34"" UltraWide IPS FreeSync LED Monitor 2560 x 1080 21:9 34WL600-B",$325.00,4.6 out of 5 stars,137,https://www.amazon.com/LG-UltraWide-FreeSync-Monitor-2560/dp/B07YRXF62V/ref=sr_1_21?crid=3HANHGCT8DU6Q&dchild=1&keywords=ultrawide+monitor&qid=1610183688&sprefix=ultr%2Caps%2C238&sr=8-21
"Samsung Business TU87F 32 inch 4K UHD 3840x2160 60Hz Computer Monitor for Business with Thunderbolt 3, DisplayPort, USB Hub, 3-Yr WRNTY (F32TU872VN)",$499.99,3.7 out of 5 stars,21,https://www.amazon.com/gp/slredirect/picassoRedirect.html/ref=pa_sp_btf_aps_sr_pg1_1?ie=UTF8&adId=A09666233H8VPUUS7DYVG&url=%2FSamsung-Business-Thunderbolt-DisplayPort-F32TU872VN%2Fdp%2FB08CLSPKJG%2Fref%3Dsr_1_22_sspa%3Fcrid%3D3HANHGCT8DU6Q%26dchild%3D1%26keywords%3Dultrawide%2Bmonitor%26qid%3D1610183688%26sprefix%3Dultr%252Caps%252C238%26sr%3D8-22-spons%26psc%3D1&qualifier=1610183688&id=4180716012084987&widgetName=sp_btf
LG 34WL60TM-B 34 Inch 21:9 UltraWide 1080p Full HD IPS Monitor (Renewed),$279.99,4.5 out of 5 stars,30,https://www.amazon.com/gp/slredirect/picassoRedirect.html/ref=pa_sp_atf_aps_sr_pg1_1?ie=UTF8&adId=A02574201I7UKDWD8KI3C&url=%2FLG-34WL60TM-B-34-Inch-UltraWide%2Fdp%2FB084G7ZDGD%2Fref%3Dsr_1_1_sspa%3Fcrid%3D3HANHGCT8DU6Q%26dchild%3D1%26keywords%3Dultrawide%2Bmonitor%26qid%3D1610183692%26sprefix%3Dultr%252Caps%252C238%26sr%3D8-1-spons%26psc%3D1%26smid%3DAD0BANCB0IN2U&qualifier=1610183692&id=4487895915369351&widgetName=sp_atf
"SAMSUNG LU32R590CWNXZA 32-Inch UR590C UHD 4K Curved Gaming Monitor, Dark Blue Gray",$419.99,4.5 out of 5 stars,693,https://www.amazon.com/gp/slredirect/picassoRedirect.html/ref=pa_sp_atf_aps_sr_pg1_1?ie=UTF8&adId=A0359020268NI7NFZOLPF&url=%2FSamsung-U32R590-Curved-Monitor-LU32R590CWNXZA%2Fdp%2FB07L9G1BFX%2Fref%3Dsr_1_2_sspa%3Fcrid%3D3HANHGCT8DU6Q%26dchild%3D1%26keywords%3Dultrawide%2Bmonitor%26qid%3D1610183692%26sprefix%3Dultr%252Caps%252C238%26sr%3D8-2-spons%26psc%3D1&qualifier=1610183692&id=4487895915369351&widgetName=sp_atf
"LG 29WN600-W 29"" 21:9 UltraWide WFHD IPS HDR1 0 Monitor with FreeSync, Silver",$226.99,4.6 out of 5 stars,847,https://www.amazon.com/LG-29WN600-W-29-21-UltraWide/dp/B0876DBCBX/ref=sr_1_3?crid=3HANHGCT8DU6Q&dchild=1&keywords=ultrawide+monitor&qid=1610183692&sprefix=ultr%2Caps%2C238&sr=8-3
"Sceptre 35 Inch Curved UltraWide 21: 9 LED Creative Monitor QHD 3440x1440 Frameless AMD Freesync HDMI DisplayPort Up to 100Hz, Machine Black 2020 (C355W-3440UN)",$379.97,4.5 out of 5 stars,"1,311",https://www.amazon.com/Sceptre-C355W-3440UN-Super-Curved-Ultrawide/dp/B0812DKDD9/ref=sr_1_4?crid=3HANHGCT8DU6Q&dchild=1&keywords=ultrawide+monitor&qid=1610183692&sprefix=ultr%2Caps%2C238&sr=8-4
"LG 34WN80C-B 34 inch 21:9 Curved UltraWide WQHD IPS Monitor with USB Type-C Connectivity sRGB 99 percentage Color Gamut and HDR10 Compatibility, Black",$549.99,4.7 out of 5 stars,"1,873",https://www.amazon.com/LG-34WN80C-B-inch-Connectivity-Compatibility/dp/B07YGZ7C1K/ref=sr_1_5?crid=3HANHGCT8DU6Q&dchild=1&keywords=ultrawide+monitor&qid=1610183692&sprefix=ultr%2Caps%2C238&sr=8-5
"LG 34WK650-W 34"" UltraWide 21:9 IPS Monitor with HDR10 and FreeSync (2018), Black/White",$395.26,4.6 out of 5 stars,700,https://www.amazon.com/LG-34WK650-W-34-UltraWide-21/dp/B078GSH1LV/ref=sr_1_6?crid=3HANHGCT8DU6Q&dchild=1&keywords=ultrawide+monitor&qid=1610183692&sprefix=ultr%2Caps%2C238&sr=8-6
"Samsung 32 inch UJ59 4k monitor (LU32J590UQNXZA) - UHD, 3840 x 2160p, 60hz, 4ms, Dual monitor, laptop monitor, monitor stand / riser / mount compliant, AMD FreeSync, Gaming, HDMI, DP, Black",$319.99,4.4 out of 5 stars,661,https://www.amazon.com/gp/slredirect/picassoRedirect.html/ref=pa_sp_mtf_aps_sr_pg1_1?ie=UTF8&adId=A03488281O65SWLZBVVL6&url=%2FSamsung-U32J590-32-Inch-LED-Lit-Monitor%2Fdp%2FB07CS3JGPC%2Fref%3Dsr_1_7_sspa%3Fcrid%3D3HANHGCT8DU6Q%26dchild%3D1%26keywords%3Dultrawide%2Bmonitor%26qid%3D1610183692%26sprefix%3Dultr%252Caps%252C238%26sr%3D8-7-spons%26psc%3D1&qualifier=1610183692&id=4487895915369351&widgetName=sp_mtf
"SAMSUNG LC34J791WTNXZA 34-Inch CJ791 Ultrawide Curved Gaming Monitor, White",$679.99,4.5 out of 5 stars,621,https://www.amazon.com/Samsung-CJ791-Thunderbolt-Curved-Monitor/dp/B07CS3JB5K/ref=sr_1_8?crid=3HANHGCT8DU6Q&dchild=1&keywords=ultrawide+monitor&qid=1610183692&sprefix=ultr%2Caps%2C238&sr=8-8
"Samsung Business CH890 Series 34 inch WQHD 3440x1440 Ultrawide Curved Desktop Monitor for Business, 100 Hz, USB-C, HDMI, DP, 3 Year Warranty (LC34H890WGNXGO), Black/Titanium",$598.46,4.5 out of 5 stars,385,https://www.amazon.com/Samsung-Business-3440x1440-Ultrawide-LC34H890WGNXGO/dp/B08623SZH9/ref=sr_1_9?crid=3HANHGCT8DU6Q&dchild=1&keywords=ultrawide+monitor&qid=1610183692&sprefix=ultr%2Caps%2C238&sr=8-9
"Sceptre 30-inch Curved Gaming Monitor 21:9 2560x1080 Ultra Wide Ultra Slim HDMI DisplayPort up to 200Hz Build-in Speakers, Metal Black (C305B-200UN)",$278.99,4.6 out of 5 stars,"4,989",https://www.amazon.com/Sceptre-30-inch-Curved-Gaming-Monitor/dp/B07TXM7K4T/ref=sr_1_11?crid=3HANHGCT8DU6Q&dchild=1&keywords=ultrawide+monitor&qid=1610183692&sprefix=ultr%2Caps%2C238&sr=8-11
"Samsung C27HG70 27"" HDR QLED 144Hz 1ms Curved Gaming Monitor with FreeSync (C27HG70QQN)",$599.99,4.3 out of 5 stars,"1,292",https://www.amazon.com/gp/slredirect/picassoRedirect.html/ref=pa_sp_mtf_aps_sr_pg1_1?ie=UTF8&adId=A0004081P6NKFEC4DPG7&url=%2FSamsung-C27HG70-27-Inch-Monitor-C27HG70QQN%2Fdp%2FB06XSQ5QN8%2Fref%3Dsr_1_12_sspa%3Fcrid%3D3HANHGCT8DU6Q%26dchild%3D1%26keywords%3Dultrawide%2Bmonitor%26qid%3D1610183692%26sprefix%3Dultr%252Caps%252C238%26sr%3D8-12-spons%26psc%3D1&qualifier=1610183692&id=4487895915369351&widgetName=sp_mtf
LG 25UM58-P 25-Inch UltraWide Full HD (2560 x 1080) IPS Display,$149.99,4.4 out of 5 stars,"3,048",https://www.amazon.com/LG-25UM58-P-25-Inch-21-UltraWide/dp/B01BV1XB2K/ref=sr_1_13?crid=3HANHGCT8DU6Q&dchild=1&keywords=ultrawide+monitor&qid=1610183692&sprefix=ultr%2Caps%2C238&sr=8-13
"Sceptre 34-inch Curved UltraWide 21: 9 Creative LED Monitor 2560x1080 Frameless HDMI DisplayPort Up to 100Hz, Machine Black 2020 (C345W-2560UN)",$349.97,4.6 out of 5 stars,628,https://www.amazon.com/Sceptre-C345W-2560UN-34-inch-Curved-Ultrawide/dp/B0812DHWCJ/ref=sr_1_14?crid=3HANHGCT8DU6Q&dchild=1&keywords=ultrawide+monitor&qid=1610183692&sprefix=ultr%2Caps%2C238&sr=8-14
"LG 34WN650-W 34-Inch 21:9 UltraWide Full HD (2560 x 1080) IPS Display with VESA DisplayHDR 400 and AMD FreeSync, Silver",$346.99,4.6 out of 5 stars,189,https://www.amazon.com/gp/slredirect/picassoRedirect.html/ref=pa_sp_mtf_aps_sr_pg1_1?ie=UTF8&adId=A04179123N42D9IL2GDFG&url=%2FLG-34WN650-W-34-Inch-UltraWide-DisplayHDR%2Fdp%2FB087JB656Q%2Fref%3Dsr_1_17_sspa%3Fcrid%3D3HANHGCT8DU6Q%26dchild%3D1%26keywords%3Dultrawide%2Bmonitor%26qid%3D1610183692%26sprefix%3Dultr%252Caps%252C238%26sr%3D8-17-spons%26psc%3D1&qualifier=1610183692&id=4487895915369351&widgetName=sp_mtf
"LG 34WN650-W 34-Inch 21:9 UltraWide Full HD (2560 x 1080) IPS Display with VESA DisplayHDR 400 and AMD FreeSync, Silver",$346.99,4.6 out of 5 stars,189,https://www.amazon.com/LG-34WN650-W-34-Inch-UltraWide-DisplayHDR/dp/B087JB656Q/ref=sr_1_18?crid=3HANHGCT8DU6Q&dchild=1&keywords=ultrawide+monitor&qid=1610183692&sprefix=ultr%2Caps%2C238&sr=8-18
"LG 34UM69G-B 34-Inch 21:9 UltraWide IPS Monitor with 1ms Motion Blur Reduction and FreeSync,Black",$346.99,4.6 out of 5 stars,946,https://www.amazon.com/LG-34UM69G-B-34-Inch-UltraWide-Reduction/dp/B06XFXX5JH/ref=sr_1_19?crid=3HANHGCT8DU6Q&dchild=1&keywords=ultrawide+monitor&qid=1610183692&sprefix=ultr%2Caps%2C238&sr=8-19
"LG 34"" UltraWide IPS FreeSync LED Monitor 2560 x 1080 21:9 34WL600-B",$325.00,4.6 out of 5 stars,137,https://www.amazon.com/LG-UltraWide-FreeSync-Monitor-2560/dp/B07YRXF62V/ref=sr_1_21?crid=3HANHGCT8DU6Q&dchild=1&keywords=ultrawide+monitor&qid=1610183692&sprefix=ultr%2Caps%2C238&sr=8-21
"Samsung Business TU87F 32 inch 4K UHD 3840x2160 60Hz Computer Monitor for Business with Thunderbolt 3, DisplayPort, USB Hub, 3-Yr WRNTY (F32TU872VN)",$499.99,3.7 out of 5 stars,21,https://www.amazon.com/gp/slredirect/picassoRedirect.html/ref=pa_sp_btf_aps_sr_pg1_1?ie=UTF8&adId=A09666233H8VPUUS7DYVG&url=%2FSamsung-Business-Thunderbolt-DisplayPort-F32TU872VN%2Fdp%2FB08CLSPKJG%2Fref%3Dsr_1_22_sspa%3Fcrid%3D3HANHGCT8DU6Q%26dchild%3D1%26keywords%3Dultrawide%2Bmonitor%26qid%3D1610183692%26sprefix%3Dultr%252Caps%252C238%26sr%3D8-22-spons%26psc%3D1&qualifier=1610183692&id=4487895915369351&widgetName=sp_btf
LG 34WL60TM-B 34 Inch 21:9 UltraWide 1080p Full HD IPS Monitor (Renewed),$279.99,4.5 out of 5 stars,30,https://www.amazon.com/gp/slredirect/picassoRedirect.html/ref=pa_sp_atf_aps_sr_pg1_1?ie=UTF8&adId=A02574201I7UKDWD8KI3C&url=%2FLG-34WL60TM-B-34-Inch-UltraWide%2Fdp%2FB084G7ZDGD%2Fref%3Dsr_1_1_sspa%3Fcrid%3D3HANHGCT8DU6Q%26dchild%3D1%26keywords%3Dultrawide%2Bmonitor%26qid%3D1610183697%26sprefix%3Dultr%252Caps%252C238%26sr%3D8-1-spons%26psc%3D1%26smid%3DAD0BANCB0IN2U&qualifier=1610183697&id=7044321326826670&widgetName=sp_atf
"SAMSUNG LU32R590CWNXZA 32-Inch UR590C UHD 4K Curved Gaming Monitor, Dark Blue Gray",$419.99,4.5 out of 5 stars,693,https://www.amazon.com/gp/slredirect/picassoRedirect.html/ref=pa_sp_atf_aps_sr_pg1_1?ie=UTF8&adId=A0359020268NI7NFZOLPF&url=%2FSamsung-U32R590-Curved-Monitor-LU32R590CWNXZA%2Fdp%2FB07L9G1BFX%2Fref%3Dsr_1_2_sspa%3Fcrid%3D3HANHGCT8DU6Q%26dchild%3D1%26keywords%3Dultrawide%2Bmonitor%26qid%3D1610183697%26sprefix%3Dultr%252Caps%252C238%26sr%3D8-2-spons%26psc%3D1&qualifier=1610183697&id=7044321326826670&widgetName=sp_atf
"LG 29WN600-W 29"" 21:9 UltraWide WFHD IPS HDR1 0 Monitor with FreeSync, Silver",$226.99,4.6 out of 5 stars,847,https://www.amazon.com/LG-29WN600-W-29-21-UltraWide/dp/B0876DBCBX/ref=sr_1_3?crid=3HANHGCT8DU6Q&dchild=1&keywords=ultrawide+monitor&qid=1610183697&sprefix=ultr%2Caps%2C238&sr=8-3
"Sceptre 35 Inch Curved UltraWide 21: 9 LED Creative Monitor QHD 3440x1440 Frameless AMD Freesync HDMI DisplayPort Up to 100Hz, Machine Black 2020 (C355W-3440UN)",$379.97,4.5 out of 5 stars,"1,311",https://www.amazon.com/Sceptre-C355W-3440UN-Super-Curved-Ultrawide/dp/B0812DKDD9/ref=sr_1_4?crid=3HANHGCT8DU6Q&dchild=1&keywords=ultrawide+monitor&qid=1610183697&sprefix=ultr%2Caps%2C238&sr=8-4
"LG 34WN80C-B 34 inch 21:9 Curved UltraWide WQHD IPS Monitor with USB Type-C Connectivity sRGB 99 percentage Color Gamut and HDR10 Compatibility, Black",$549.99,4.7 out of 5 stars,"1,873",https://www.amazon.com/LG-34WN80C-B-inch-Connectivity-Compatibility/dp/B07YGZ7C1K/ref=sr_1_5?crid=3HANHGCT8DU6Q&dchild=1&keywords=ultrawide+monitor&qid=1610183697&sprefix=ultr%2Caps%2C238&sr=8-5
"LG 34WK650-W 34"" UltraWide 21:9 IPS Monitor with HDR10 and FreeSync (2018), Black/White",$395.26,4.6 out of 5 stars,700,https://www.amazon.com/LG-34WK650-W-34-UltraWide-21/dp/B078GSH1LV/ref=sr_1_6?crid=3HANHGCT8DU6Q&dchild=1&keywords=ultrawide+monitor&qid=1610183697&sprefix=ultr%2Caps%2C238&sr=8-6
"Samsung 32 inch UJ59 4k monitor (LU32J590UQNXZA) - UHD, 3840 x 2160p, 60hz, 4ms, Dual monitor, laptop monitor, monitor stand / riser / mount compliant, AMD FreeSync, Gaming, HDMI, DP, Black",$319.99,4.4 out of 5 stars,661,https://www.amazon.com/gp/slredirect/picassoRedirect.html/ref=pa_sp_mtf_aps_sr_pg1_1?ie=UTF8&adId=A03488281O65SWLZBVVL6&url=%2FSamsung-U32J590-32-Inch-LED-Lit-Monitor%2Fdp%2FB07CS3JGPC%2Fref%3Dsr_1_7_sspa%3Fcrid%3D3HANHGCT8DU6Q%26dchild%3D1%26keywords%3Dultrawide%2Bmonitor%26qid%3D1610183697%26sprefix%3Dultr%252Caps%252C238%26sr%3D8-7-spons%26psc%3D1&qualifier=1610183697&id=7044321326826670&widgetName=sp_mtf
"SAMSUNG LC34J791WTNXZA 34-Inch CJ791 Ultrawide Curved Gaming Monitor, White",$679.99,4.5 out of 5 stars,621,https://www.amazon.com/Samsung-CJ791-Thunderbolt-Curved-Monitor/dp/B07CS3JB5K/ref=sr_1_8?crid=3HANHGCT8DU6Q&dchild=1&keywords=ultrawide+monitor&qid=1610183697&sprefix=ultr%2Caps%2C238&sr=8-8
"Samsung Business CH890 Series 34 inch WQHD 3440x1440 Ultrawide Curved Desktop Monitor for Business, 100 Hz, USB-C, HDMI, DP, 3 Year Warranty (LC34H890WGNXGO), Black/Titanium",$598.46,4.5 out of 5 stars,385,https://www.amazon.com/Samsung-Business-3440x1440-Ultrawide-LC34H890WGNXGO/dp/B08623SZH9/ref=sr_1_9?crid=3HANHGCT8DU6Q&dchild=1&keywords=ultrawide+monitor&qid=1610183697&sprefix=ultr%2Caps%2C238&sr=8-9
"Sceptre 30-inch Curved Gaming Monitor 21:9 2560x1080 Ultra Wide Ultra Slim HDMI DisplayPort up to 200Hz Build-in Speakers, Metal Black (C305B-200UN)",$278.99,4.6 out of 5 stars,"4,989",https://www.amazon.com/Sceptre-30-inch-Curved-Gaming-Monitor/dp/B07TXM7K4T/ref=sr_1_11?crid=3HANHGCT8DU6Q&dchild=1&keywords=ultrawide+monitor&qid=1610183697&sprefix=ultr%2Caps%2C238&sr=8-11
"Samsung C27HG70 27"" HDR QLED 144Hz 1ms Curved Gaming Monitor with FreeSync (C27HG70QQN)",$599.99,4.3 out of 5 stars,"1,292",https://www.amazon.com/gp/slredirect/picassoRedirect.html/ref=pa_sp_mtf_aps_sr_pg1_1?ie=UTF8&adId=A0004081P6NKFEC4DPG7&url=%2FSamsung-C27HG70-27-Inch-Monitor-C27HG70QQN%2Fdp%2FB06XSQ5QN8%2Fref%3Dsr_1_12_sspa%3Fcrid%3D3HANHGCT8DU6Q%26dchild%3D1%26keywords%3Dultrawide%2Bmonitor%26qid%3D1610183697%26sprefix%3Dultr%252Caps%252C238%26sr%3D8-12-spons%26psc%3D1&qualifier=1610183697&id=7044321326826670&widgetName=sp_mtf
LG 25UM58-P 25-Inch UltraWide Full HD (2560 x 1080) IPS Display,$149.99,4.4 out of 5 stars,"3,048",https://www.amazon.com/LG-25UM58-P-25-Inch-21-UltraWide/dp/B01BV1XB2K/ref=sr_1_13?crid=3HANHGCT8DU6Q&dchild=1&keywords=ultrawide+monitor&qid=1610183697&sprefix=ultr%2Caps%2C238&sr=8-13
"Sceptre 34-inch Curved UltraWide 21: 9 Creative LED Monitor 2560x1080 Frameless HDMI DisplayPort Up to 100Hz, Machine Black 2020 (C345W-2560UN)",$349.97,4.6 out of 5 stars,628,https://www.amazon.com/Sceptre-C345W-2560UN-34-inch-Curved-Ultrawide/dp/B0812DHWCJ/ref=sr_1_14?crid=3HANHGCT8DU6Q&dchild=1&keywords=ultrawide+monitor&qid=1610183697&sprefix=ultr%2Caps%2C238&sr=8-14
"LG 34WN650-W 34-Inch 21:9 UltraWide Full HD (2560 x 1080) IPS Display with VESA DisplayHDR 400 and AMD FreeSync, Silver",$346.99,4.6 out of 5 stars,189,https://www.amazon.com/gp/slredirect/picassoRedirect.html/ref=pa_sp_mtf_aps_sr_pg1_1?ie=UTF8&adId=A04179123N42D9IL2GDFG&url=%2FLG-34WN650-W-34-Inch-UltraWide-DisplayHDR%2Fdp%2FB087JB656Q%2Fref%3Dsr_1_17_sspa%3Fcrid%3D3HANHGCT8DU6Q%26dchild%3D1%26keywords%3Dultrawide%2Bmonitor%26qid%3D1610183697%26sprefix%3Dultr%252Caps%252C238%26sr%3D8-17-spons%26psc%3D1&qualifier=1610183697&id=7044321326826670&widgetName=sp_mtf
"LG 34WN650-W 34-Inch 21:9 UltraWide Full HD (2560 x 1080) IPS Display with VESA DisplayHDR 400 and AMD FreeSync, Silver",$346.99,4.6 out of 5 stars,189,https://www.amazon.com/LG-34WN650-W-34-Inch-UltraWide-DisplayHDR/dp/B087JB656Q/ref=sr_1_18?crid=3HANHGCT8DU6Q&dchild=1&keywords=ultrawide+monitor&qid=1610183697&sprefix=ultr%2Caps%2C238&sr=8-18
"LG 34UM69G-B 34-Inch 21:9 UltraWide IPS Monitor with 1ms Motion Blur Reduction and FreeSync,Black",$346.99,4.6 out of 5 stars,946,https://www.amazon.com/LG-34UM69G-B-34-Inch-UltraWide-Reduction/dp/B06XFXX5JH/ref=sr_1_19?crid=3HANHGCT8DU6Q&dchild=1&keywords=ultrawide+monitor&qid=1610183697&sprefix=ultr%2Caps%2C238&sr=8-19
"LG 34"" UltraWide IPS FreeSync LED Monitor 2560 x 1080 21:9 34WL600-B",$325.00,4.6 out of 5 stars,137,https://www.amazon.com/LG-UltraWide-FreeSync-Monitor-2560/dp/B07YRXF62V/ref=sr_1_21?crid=3HANHGCT8DU6Q&dchild=1&keywords=ultrawide+monitor&qid=1610183697&sprefix=ultr%2Caps%2C238&sr=8-21
"Samsung Business TU87F 32 inch 4K UHD 3840x2160 60Hz Computer Monitor for Business with Thunderbolt 3, DisplayPort, USB Hub, 3-Yr WRNTY (F32TU872VN)",$499.99,3.7 out of 5 stars,21,https://www.amazon.com/gp/slredirect/picassoRedirect.html/ref=pa_sp_btf_aps_sr_pg1_1?ie=UTF8&adId=A09666233H8VPUUS7DYVG&url=%2FSamsung-Business-Thunderbolt-DisplayPort-F32TU872VN%2Fdp%2FB08CLSPKJG%2Fref%3Dsr_1_22_sspa%3Fcrid%3D3HANHGCT8DU6Q%26dchild%3D1%26keywords%3Dultrawide%2Bmonitor%26qid%3D1610183697%26sprefix%3Dultr%252Caps%252C238%26sr%3D8-22-spons%26psc%3D1&qualifier=1610183697&id=7044321326826670&widgetName=sp_btf
LG 34WL60TM-B 34 Inch 21:9 UltraWide 1080p Full HD IPS Monitor (Renewed),$279.99,4.5 out of 5 stars,30,https://www.amazon.com/gp/slredirect/picassoRedirect.html/ref=pa_sp_atf_aps_sr_pg1_1?ie=UTF8&adId=A02574201I7UKDWD8KI3C&url=%2FLG-34WL60TM-B-34-Inch-UltraWide%2Fdp%2FB084G7ZDGD%2Fref%3Dsr_1_1_sspa%3Fcrid%3D3HANHGCT8DU6Q%26dchild%3D1%26keywords%3Dultrawide%2Bmonitor%26qid%3D1610183701%26sprefix%3Dultr%252Caps%252C238%26sr%3D8-1-spons%26psc%3D1%26smid%3DAD0BANCB0IN2U&qualifier=1610183701&id=3510838637299572&widgetName=sp_atf
"SAMSUNG LU32R590CWNXZA 32-Inch UR590C UHD 4K Curved Gaming Monitor, Dark Blue Gray",$419.99,4.5 out of 5 stars,693,https://www.amazon.com/gp/slredirect/picassoRedirect.html/ref=pa_sp_atf_aps_sr_pg1_1?ie=UTF8&adId=A0359020268NI7NFZOLPF&url=%2FSamsung-U32R590-Curved-Monitor-LU32R590CWNXZA%2Fdp%2FB07L9G1BFX%2Fref%3Dsr_1_2_sspa%3Fcrid%3D3HANHGCT8DU6Q%26dchild%3D1%26keywords%3Dultrawide%2Bmonitor%26qid%3D1610183701%26sprefix%3Dultr%252Caps%252C238%26sr%3D8-2-spons%26psc%3D1&qualifier=1610183701&id=3510838637299572&widgetName=sp_atf
"LG 29WN600-W 29"" 21:9 UltraWide WFHD IPS HDR1 0 Monitor with FreeSync, Silver",$226.99,4.6 out of 5 stars,847,https://www.amazon.com/LG-29WN600-W-29-21-UltraWide/dp/B0876DBCBX/ref=sr_1_3?crid=3HANHGCT8DU6Q&dchild=1&keywords=ultrawide+monitor&qid=1610183701&sprefix=ultr%2Caps%2C238&sr=8-3
"Sceptre 35 Inch Curved UltraWide 21: 9 LED Creative Monitor QHD 3440x1440 Frameless AMD Freesync HDMI DisplayPort Up to 100Hz, Machine Black 2020 (C355W-3440UN)",$379.97,4.5 out of 5 stars,"1,311",https://www.amazon.com/Sceptre-C355W-3440UN-Super-Curved-Ultrawide/dp/B0812DKDD9/ref=sr_1_4?crid=3HANHGCT8DU6Q&dchild=1&keywords=ultrawide+monitor&qid=1610183701&sprefix=ultr%2Caps%2C238&sr=8-4
"LG 34WN80C-B 34 inch 21:9 Curved UltraWide WQHD IPS Monitor with USB Type-C Connectivity sRGB 99 percentage Color Gamut and HDR10 Compatibility, Black",$549.99,4.7 out of 5 stars,"1,873",https://www.amazon.com/LG-34WN80C-B-inch-Connectivity-Compatibility/dp/B07YGZ7C1K/ref=sr_1_5?crid=3HANHGCT8DU6Q&dchild=1&keywords=ultrawide+monitor&qid=1610183701&sprefix=ultr%2Caps%2C238&sr=8-5
"LG 34WK650-W 34"" UltraWide 21:9 IPS Monitor with HDR10 and FreeSync (2018), Black/White",$395.26,4.6 out of 5 stars,700,https://www.amazon.com/LG-34WK650-W-34-UltraWide-21/dp/B078GSH1LV/ref=sr_1_6?crid=3HANHGCT8DU6Q&dchild=1&keywords=ultrawide+monitor&qid=1610183701&sprefix=ultr%2Caps%2C238&sr=8-6
"Samsung 32 inch UJ59 4k monitor (LU32J590UQNXZA) - UHD, 3840 x 2160p, 60hz, 4ms, Dual monitor, laptop monitor, monitor stand / riser / mount compliant, AMD FreeSync, Gaming, HDMI, DP, Black",$319.99,4.4 out of 5 stars,661,https://www.amazon.com/gp/slredirect/picassoRedirect.html/ref=pa_sp_mtf_aps_sr_pg1_1?ie=UTF8&adId=A03488281O65SWLZBVVL6&url=%2FSamsung-U32J590-32-Inch-LED-Lit-Monitor%2Fdp%2FB07CS3JGPC%2Fref%3Dsr_1_7_sspa%3Fcrid%3D3HANHGCT8DU6Q%26dchild%3D1%26keywords%3Dultrawide%2Bmonitor%26qid%3D1610183701%26sprefix%3Dultr%252Caps%252C238%26sr%3D8-7-spons%26psc%3D1&qualifier=1610183701&id=3510838637299572&widgetName=sp_mtf
"SAMSUNG LC34J791WTNXZA 34-Inch CJ791 Ultrawide Curved Gaming Monitor, White",$679.99,4.5 out of 5 stars,621,https://www.amazon.com/Samsung-CJ791-Thunderbolt-Curved-Monitor/dp/B07CS3JB5K/ref=sr_1_8?crid=3HANHGCT8DU6Q&dchild=1&keywords=ultrawide+monitor&qid=1610183701&sprefix=ultr%2Caps%2C238&sr=8-8
"Samsung Business CH890 Series 34 inch WQHD 3440x1440 Ultrawide Curved Desktop Monitor for Business, 100 Hz, USB-C, HDMI, DP, 3 Year Warranty (LC34H890WGNXGO), Black/Titanium",$598.46,4.5 out of 5 stars,385,https://www.amazon.com/Samsung-Business-3440x1440-Ultrawide-LC34H890WGNXGO/dp/B08623SZH9/ref=sr_1_9?crid=3HANHGCT8DU6Q&dchild=1&keywords=ultrawide+monitor&qid=1610183701&sprefix=ultr%2Caps%2C238&sr=8-9
"Sceptre 30-inch Curved Gaming Monitor 21:9 2560x1080 Ultra Wide Ultra Slim HDMI DisplayPort up to 200Hz Build-in Speakers, Metal Black (C305B-200UN)",$278.99,4.6 out of 5 stars,"4,989",https://www.amazon.com/Sceptre-30-inch-Curved-Gaming-Monitor/dp/B07TXM7K4T/ref=sr_1_11?crid=3HANHGCT8DU6Q&dchild=1&keywords=ultrawide+monitor&qid=1610183701&sprefix=ultr%2Caps%2C238&sr=8-11
"Samsung C27HG70 27"" HDR QLED 144Hz 1ms Curved Gaming Monitor with FreeSync (C27HG70QQN)",$599.99,4.3 out of 5 stars,"1,292",https://www.amazon.com/gp/slredirect/picassoRedirect.html/ref=pa_sp_mtf_aps_sr_pg1_1?ie=UTF8&adId=A0004081P6NKFEC4DPG7&url=%2FSamsung-C27HG70-27-Inch-Monitor-C27HG70QQN%2Fdp%2FB06XSQ5QN8%2Fref%3Dsr_1_12_sspa%3Fcrid%3D3HANHGCT8DU6Q%26dchild%3D1%26keywords%3Dultrawide%2Bmonitor%26qid%3D1610183701%26sprefix%3Dultr%252Caps%252C238%26sr%3D8-12-spons%26psc%3D1&qualifier=1610183701&id=3510838637299572&widgetName=sp_mtf
LG 25UM58-P 25-Inch UltraWide Full HD (2560 x 1080) IPS Display,$149.99,4.4 out of 5 stars,"3,048",https://www.amazon.com/LG-25UM58-P-25-Inch-21-UltraWide/dp/B01BV1XB2K/ref=sr_1_13?crid=3HANHGCT8DU6Q&dchild=1&keywords=ultrawide+monitor&qid=1610183701&sprefix=ultr%2Caps%2C238&sr=8-13
"Sceptre 34-inch Curved UltraWide 21: 9 Creative LED Monitor 2560x1080 Frameless HDMI DisplayPort Up to 100Hz, Machine Black 2020 (C345W-2560UN)",$349.97,4.6 out of 5 stars,628,https://www.amazon.com/Sceptre-C345W-2560UN-34-inch-Curved-Ultrawide/dp/B0812DHWCJ/ref=sr_1_14?crid=3HANHGCT8DU6Q&dchild=1&keywords=ultrawide+monitor&qid=1610183701&sprefix=ultr%2Caps%2C238&sr=8-14
"LG 34WN650-W 34-Inch 21:9 UltraWide Full HD (2560 x 1080) IPS Display with VESA DisplayHDR 400 and AMD FreeSync, Silver",$346.99,4.6 out of 5 stars,189,https://www.amazon.com/gp/slredirect/picassoRedirect.html/ref=pa_sp_mtf_aps_sr_pg1_1?ie=UTF8&adId=A04179123N42D9IL2GDFG&url=%2FLG-34WN650-W-34-Inch-UltraWide-DisplayHDR%2Fdp%2FB087JB656Q%2Fref%3Dsr_1_17_sspa%3Fcrid%3D3HANHGCT8DU6Q%26dchild%3D1%26keywords%3Dultrawide%2Bmonitor%26qid%3D1610183701%26sprefix%3Dultr%252Caps%252C238%26sr%3D8-17-spons%26psc%3D1&qualifier=1610183701&id=3510838637299572&widgetName=sp_mtf
"LG 34WN650-W 34-Inch 21:9 UltraWide Full HD (2560 x 1080) IPS Display with VESA DisplayHDR 400 and AMD FreeSync, Silver",$346.99,4.6 out of 5 stars,189,https://www.amazon.com/LG-34WN650-W-34-Inch-UltraWide-DisplayHDR/dp/B087JB656Q/ref=sr_1_18?crid=3HANHGCT8DU6Q&dchild=1&keywords=ultrawide+monitor&qid=1610183701&sprefix=ultr%2Caps%2C238&sr=8-18
"LG 34UM69G-B 34-Inch 21:9 UltraWide IPS Monitor with 1ms Motion Blur Reduction and FreeSync,Black",$346.99,4.6 out of 5 stars,946,https://www.amazon.com/LG-34UM69G-B-34-Inch-UltraWide-Reduction/dp/B06XFXX5JH/ref=sr_1_19?crid=3HANHGCT8DU6Q&dchild=1&keywords=ultrawide+monitor&qid=1610183701&sprefix=ultr%2Caps%2C238&sr=8-19
"LG 34"" UltraWide IPS FreeSync LED Monitor 2560 x 1080 21:9 34WL600-B",$325.00,4.6 out of 5 stars,137,https://www.amazon.com/LG-UltraWide-FreeSync-Monitor-2560/dp/B07YRXF62V/ref=sr_1_21?crid=3HANHGCT8DU6Q&dchild=1&keywords=ultrawide+monitor&qid=1610183701&sprefix=ultr%2Caps%2C238&sr=8-21
"Samsung Business TU87F 32 inch 4K UHD 3840x2160 60Hz Computer Monitor for Business with Thunderbolt 3, DisplayPort, USB Hub, 3-Yr WRNTY (F32TU872VN)",$499.99,3.7 out of 5 stars,21,https://www.amazon.com/gp/slredirect/picassoRedirect.html/ref=pa_sp_btf_aps_sr_pg1_1?ie=UTF8&adId=A09666233H8VPUUS7DYVG&url=%2FSamsung-Business-Thunderbolt-DisplayPort-F32TU872VN%2Fdp%2FB08CLSPKJG%2Fref%3Dsr_1_22_sspa%3Fcrid%3D3HANHGCT8DU6Q%26dchild%3D1%26keywords%3Dultrawide%2Bmonitor%26qid%3D1610183701%26sprefix%3Dultr%252Caps%252C238%26sr%3D8-22-spons%26psc%3D1&qualifier=1610183701&id=3510838637299572&widgetName=sp_btf
LG 34WL60TM-B 34 Inch 21:9 UltraWide 1080p Full HD IPS Monitor (Renewed),$279.99,4.5 out of 5 stars,30,https://www.amazon.com/gp/slredirect/picassoRedirect.html/ref=pa_sp_atf_aps_sr_pg1_1?ie=UTF8&adId=A02574201I7UKDWD8KI3C&url=%2FLG-34WL60TM-B-34-Inch-UltraWide%2Fdp%2FB084G7ZDGD%2Fref%3Dsr_1_1_sspa%3Fcrid%3D3HANHGCT8DU6Q%26dchild%3D1%26keywords%3Dultrawide%2Bmonitor%26qid%3D1610183704%26sprefix%3Dultr%252Caps%252C238%26sr%3D8-1-spons%26psc%3D1%26smid%3DAD0BANCB0IN2U&qualifier=1610183704&id=1776468396139496&widgetName=sp_atf
"SAMSUNG LU32R590CWNXZA 32-Inch UR590C UHD 4K Curved Gaming Monitor, Dark Blue Gray",$419.99,4.5 out of 5 stars,693,https://www.amazon.com/gp/slredirect/picassoRedirect.html/ref=pa_sp_atf_aps_sr_pg1_1?ie=UTF8&adId=A0359020268NI7NFZOLPF&url=%2FSamsung-U32R590-Curved-Monitor-LU32R590CWNXZA%2Fdp%2FB07L9G1BFX%2Fref%3Dsr_1_2_sspa%3Fcrid%3D3HANHGCT8DU6Q%26dchild%3D1%26keywords%3Dultrawide%2Bmonitor%26qid%3D1610183704%26sprefix%3Dultr%252Caps%252C238%26sr%3D8-2-spons%26psc%3D1&qualifier=1610183704&id=1776468396139496&widgetName=sp_atf
"LG 29WN600-W 29"" 21:9 UltraWide WFHD IPS HDR1 0 Monitor with FreeSync, Silver",$226.99,4.6 out of 5 stars,847,https://www.amazon.com/LG-29WN600-W-29-21-UltraWide/dp/B0876DBCBX/ref=sr_1_3?crid=3HANHGCT8DU6Q&dchild=1&keywords=ultrawide+monitor&qid=1610183704&sprefix=ultr%2Caps%2C238&sr=8-3
"Sceptre 35 Inch Curved UltraWide 21: 9 LED Creative Monitor QHD 3440x1440 Frameless AMD Freesync HDMI DisplayPort Up to 100Hz, Machine Black 2020 (C355W-3440UN)",$379.97,4.5 out of 5 stars,"1,311",https://www.amazon.com/Sceptre-C355W-3440UN-Super-Curved-Ultrawide/dp/B0812DKDD9/ref=sr_1_4?crid=3HANHGCT8DU6Q&dchild=1&keywords=ultrawide+monitor&qid=1610183704&sprefix=ultr%2Caps%2C238&sr=8-4
"LG 34WN80C-B 34 inch 21:9 Curved UltraWide WQHD IPS Monitor with USB Type-C Connectivity sRGB 99 percentage Color Gamut and HDR10 Compatibility, Black",$549.99,4.7 out of 5 stars,"1,873",https://www.amazon.com/LG-34WN80C-B-inch-Connectivity-Compatibility/dp/B07YGZ7C1K/ref=sr_1_5?crid=3HANHGCT8DU6Q&dchild=1&keywords=ultrawide+monitor&qid=1610183704&sprefix=ultr%2Caps%2C238&sr=8-5
"LG 34WK650-W 34"" UltraWide 21:9 IPS Monitor with HDR10 and FreeSync (2018), Black/White",$395.26,4.6 out of 5 stars,700,https://www.amazon.com/LG-34WK650-W-34-UltraWide-21/dp/B078GSH1LV/ref=sr_1_6?crid=3HANHGCT8DU6Q&dchild=1&keywords=ultrawide+monitor&qid=1610183704&sprefix=ultr%2Caps%2C238&sr=8-6
"Samsung 32 inch UJ59 4k monitor (LU32J590UQNXZA) - UHD, 3840 x 2160p, 60hz, 4ms, Dual monitor, laptop monitor, monitor stand / riser / mount compliant, AMD FreeSync, Gaming, HDMI, DP, Black",$319.99,4.4 out of 5 stars,661,https://www.amazon.com/gp/slredirect/picassoRedirect.html/ref=pa_sp_mtf_aps_sr_pg1_1?ie=UTF8&adId=A03488281O65SWLZBVVL6&url=%2FSamsung-U32J590-32-Inch-LED-Lit-Monitor%2Fdp%2FB07CS3JGPC%2Fref%3Dsr_1_7_sspa%3Fcrid%3D3HANHGCT8DU6Q%26dchild%3D1%26keywords%3Dultrawide%2Bmonitor%26qid%3D1610183704%26sprefix%3Dultr%252Caps%252C238%26sr%3D8-7-spons%26psc%3D1&qualifier=1610183704&id=1776468396139496&widgetName=sp_mtf
"SAMSUNG LC34J791WTNXZA 34-Inch CJ791 Ultrawide Curved Gaming Monitor, White",$679.99,4.5 out of 5 stars,621,https://www.amazon.com/Samsung-CJ791-Thunderbolt-Curved-Monitor/dp/B07CS3JB5K/ref=sr_1_8?crid=3HANHGCT8DU6Q&dchild=1&keywords=ultrawide+monitor&qid=1610183704&sprefix=ultr%2Caps%2C238&sr=8-8
"Samsung Business CH890 Series 34 inch WQHD 3440x1440 Ultrawide Curved Desktop Monitor for Business, 100 Hz, USB-C, HDMI, DP, 3 Year Warranty (LC34H890WGNXGO), Black/Titanium",$598.46,4.5 out of 5 stars,385,https://www.amazon.com/Samsung-Business-3440x1440-Ultrawide-LC34H890WGNXGO/dp/B08623SZH9/ref=sr_1_9?crid=3HANHGCT8DU6Q&dchild=1&keywords=ultrawide+monitor&qid=1610183704&sprefix=ultr%2Caps%2C238&sr=8-9
"Sceptre 30-inch Curved Gaming Monitor 21:9 2560x1080 Ultra Wide Ultra Slim HDMI DisplayPort up to 200Hz Build-in Speakers, Metal Black (C305B-200UN)",$278.99,4.6 out of 5 stars,"4,989",https://www.amazon.com/Sceptre-30-inch-Curved-Gaming-Monitor/dp/B07TXM7K4T/ref=sr_1_11?crid=3HANHGCT8DU6Q&dchild=1&keywords=ultrawide+monitor&qid=1610183704&sprefix=ultr%2Caps%2C238&sr=8-11
"Samsung C27HG70 27"" HDR QLED 144Hz 1ms Curved Gaming Monitor with FreeSync (C27HG70QQN)",$599.99,4.3 out of 5 stars,"1,292",https://www.amazon.com/gp/slredirect/picassoRedirect.html/ref=pa_sp_mtf_aps_sr_pg1_1?ie=UTF8&adId=A0004081P6NKFEC4DPG7&url=%2FSamsung-C27HG70-27-Inch-Monitor-C27HG70QQN%2Fdp%2FB06XSQ5QN8%2Fref%3Dsr_1_12_sspa%3Fcrid%3D3HANHGCT8DU6Q%26dchild%3D1%26keywords%3Dultrawide%2Bmonitor%26qid%3D1610183704%26sprefix%3Dultr%252Caps%252C238%26sr%3D8-12-spons%26psc%3D1&qualifier=1610183704&id=1776468396139496&widgetName=sp_mtf
LG 25UM58-P 25-Inch UltraWide Full HD (2560 x 1080) IPS Display,$149.99,4.4 out of 5 stars,"3,048",https://www.amazon.com/LG-25UM58-P-25-Inch-21-UltraWide/dp/B01BV1XB2K/ref=sr_1_13?crid=3HANHGCT8DU6Q&dchild=1&keywords=ultrawide+monitor&qid=1610183704&sprefix=ultr%2Caps%2C238&sr=8-13
"Sceptre 34-inch Curved UltraWide 21: 9 Creative LED Monitor 2560x1080 Frameless HDMI DisplayPort Up to 100Hz, Machine Black 2020 (C345W-2560UN)",$349.97,4.6 out of 5 stars,628,https://www.amazon.com/Sceptre-C345W-2560UN-34-inch-Curved-Ultrawide/dp/B0812DHWCJ/ref=sr_1_14?crid=3HANHGCT8DU6Q&dchild=1&keywords=ultrawide+monitor&qid=1610183704&sprefix=ultr%2Caps%2C238&sr=8-14
"LG 34WN650-W 34-Inch 21:9 UltraWide Full HD (2560 x 1080) IPS Display with VESA DisplayHDR 400 and AMD FreeSync, Silver",$346.99,4.6 out of 5 stars,189,https://www.amazon.com/gp/slredirect/picassoRedirect.html/ref=pa_sp_mtf_aps_sr_pg1_1?ie=UTF8&adId=A04179123N42D9IL2GDFG&url=%2FLG-34WN650-W-34-Inch-UltraWide-DisplayHDR%2Fdp%2FB087JB656Q%2Fref%3Dsr_1_17_sspa%3Fcrid%3D3HANHGCT8DU6Q%26dchild%3D1%26keywords%3Dultrawide%2Bmonitor%26qid%3D1610183704%26sprefix%3Dultr%252Caps%252C238%26sr%3D8-17-spons%26psc%3D1&qualifier=1610183704&id=1776468396139496&widgetName=sp_mtf
"LG 34WN650-W 34-Inch 21:9 UltraWide Full HD (2560 x 1080) IPS Display with VESA DisplayHDR 400 and AMD FreeSync, Silver",$346.99,4.6 out of 5 stars,189,https://www.amazon.com/LG-34WN650-W-34-Inch-UltraWide-DisplayHDR/dp/B087JB656Q/ref=sr_1_18?crid=3HANHGCT8DU6Q&dchild=1&keywords=ultrawide+monitor&qid=1610183704&sprefix=ultr%2Caps%2C238&sr=8-18
"LG 34UM69G-B 34-Inch 21:9 UltraWide IPS Monitor with 1ms Motion Blur Reduction and FreeSync,Black",$346.99,4.6 out of 5 stars,946,https://www.amazon.com/LG-34UM69G-B-34-Inch-UltraWide-Reduction/dp/B06XFXX5JH/ref=sr_1_19?crid=3HANHGCT8DU6Q&dchild=1&keywords=ultrawide+monitor&qid=1610183704&sprefix=ultr%2Caps%2C238&sr=8-19
"LG 34"" UltraWide IPS FreeSync LED Monitor 2560 x 1080 21:9 34WL600-B",$325.00,4.6 out of 5 stars,137,https://www.amazon.com/LG-UltraWide-FreeSync-Monitor-2560/dp/B07YRXF62V/ref=sr_1_21?crid=3HANHGCT8DU6Q&dchild=1&keywords=ultrawide+monitor&qid=1610183704&sprefix=ultr%2Caps%2C238&sr=8-21
"Samsung Business TU87F 32 inch 4K UHD 3840x2160 60Hz Computer Monitor for Business with Thunderbolt 3, DisplayPort, USB Hub, 3-Yr WRNTY (F32TU872VN)",$499.99,3.7 out of 5 stars,21,https://www.amazon.com/gp/slredirect/picassoRedirect.html/ref=pa_sp_btf_aps_sr_pg1_1?ie=UTF8&adId=A09666233H8VPUUS7DYVG&url=%2FSamsung-Business-Thunderbolt-DisplayPort-F32TU872VN%2Fdp%2FB08CLSPKJG%2Fref%3Dsr_1_22_sspa%3Fcrid%3D3HANHGCT8DU6Q%26dchild%3D1%26keywords%3Dultrawide%2Bmonitor%26qid%3D1610183704%26sprefix%3Dultr%252Caps%252C238%26sr%3D8-22-spons%26psc%3D1&qualifier=1610183704&id=1776468396139496&widgetName=sp_btf
LG 34WL60TM-B 34 Inch 21:9 UltraWide 1080p Full HD IPS Monitor (Renewed),$279.99,4.5 out of 5 stars,30,https://www.amazon.com/gp/slredirect/picassoRedirect.html/ref=pa_sp_atf_aps_sr_pg1_1?ie=UTF8&adId=A02574201I7UKDWD8KI3C&url=%2FLG-34WL60TM-B-34-Inch-UltraWide%2Fdp%2FB084G7ZDGD%2Fref%3Dsr_1_1_sspa%3Fcrid%3D3HANHGCT8DU6Q%26dchild%3D1%26keywords%3Dultrawide%2Bmonitor%26qid%3D1610183707%26sprefix%3Dultr%252Caps%252C238%26sr%3D8-1-spons%26psc%3D1%26smid%3DAD0BANCB0IN2U&qualifier=1610183707&id=8532164450374259&widgetName=sp_atf
"SAMSUNG LU32R590CWNXZA 32-Inch UR590C UHD 4K Curved Gaming Monitor, Dark Blue Gray",$419.99,4.5 out of 5 stars,693,https://www.amazon.com/gp/slredirect/picassoRedirect.html/ref=pa_sp_atf_aps_sr_pg1_1?ie=UTF8&adId=A0359020268NI7NFZOLPF&url=%2FSamsung-U32R590-Curved-Monitor-LU32R590CWNXZA%2Fdp%2FB07L9G1BFX%2Fref%3Dsr_1_2_sspa%3Fcrid%3D3HANHGCT8DU6Q%26dchild%3D1%26keywords%3Dultrawide%2Bmonitor%26qid%3D1610183707%26sprefix%3Dultr%252Caps%252C238%26sr%3D8-2-spons%26psc%3D1&qualifier=1610183707&id=8532164450374259&widgetName=sp_atf
"LG 29WN600-W 29"" 21:9 UltraWide WFHD IPS HDR1 0 Monitor with FreeSync, Silver",$226.99,4.6 out of 5 stars,847,https://www.amazon.com/LG-29WN600-W-29-21-UltraWide/dp/B0876DBCBX/ref=sr_1_3?crid=3HANHGCT8DU6Q&dchild=1&keywords=ultrawide+monitor&qid=1610183707&sprefix=ultr%2Caps%2C238&sr=8-3
"Sceptre 35 Inch Curved UltraWide 21: 9 LED Creative Monitor QHD 3440x1440 Frameless AMD Freesync HDMI DisplayPort Up to 100Hz, Machine Black 2020 (C355W-3440UN)",$379.97,4.5 out of 5 stars,"1,311",https://www.amazon.com/Sceptre-C355W-3440UN-Super-Curved-Ultrawide/dp/B0812DKDD9/ref=sr_1_4?crid=3HANHGCT8DU6Q&dchild=1&keywords=ultrawide+monitor&qid=1610183707&sprefix=ultr%2Caps%2C238&sr=8-4
"LG 34WN80C-B 34 inch 21:9 Curved UltraWide WQHD IPS Monitor with USB Type-C Connectivity sRGB 99 percentage Color Gamut and HDR10 Compatibility, Black",$549.99,4.7 out of 5 stars,"1,873",https://www.amazon.com/LG-34WN80C-B-inch-Connectivity-Compatibility/dp/B07YGZ7C1K/ref=sr_1_5?crid=3HANHGCT8DU6Q&dchild=1&keywords=ultrawide+monitor&qid=1610183707&sprefix=ultr%2Caps%2C238&sr=8-5
"LG 34WK650-W 34"" UltraWide 21:9 IPS Monitor with HDR10 and FreeSync (2018), Black/White",$395.26,4.6 out of 5 stars,700,https://www.amazon.com/LG-34WK650-W-34-UltraWide-21/dp/B078GSH1LV/ref=sr_1_6?crid=3HANHGCT8DU6Q&dchild=1&keywords=ultrawide+monitor&qid=1610183707&sprefix=ultr%2Caps%2C238&sr=8-6
"Samsung 32 inch UJ59 4k monitor (LU32J590UQNXZA) - UHD, 3840 x 2160p, 60hz, 4ms, Dual monitor, laptop monitor, monitor stand / riser / mount compliant, AMD FreeSync, Gaming, HDMI, DP, Black",$319.99,4.4 out of 5 stars,661,https://www.amazon.com/gp/slredirect/picassoRedirect.html/ref=pa_sp_mtf_aps_sr_pg1_1?ie=UTF8&adId=A03488281O65SWLZBVVL6&url=%2FSamsung-U32J590-32-Inch-LED-Lit-Monitor%2Fdp%2FB07CS3JGPC%2Fref%3Dsr_1_7_sspa%3Fcrid%3D3HANHGCT8DU6Q%26dchild%3D1%26keywords%3Dultrawide%2Bmonitor%26qid%3D1610183707%26sprefix%3Dultr%252Caps%252C238%26sr%3D8-7-spons%26psc%3D1&qualifier=1610183707&id=8532164450374259&widgetName=sp_mtf
"SAMSUNG LC34J791WTNXZA 34-Inch CJ791 Ultrawide Curved Gaming Monitor, White",$679.99,4.5 out of 5 stars,621,https://www.amazon.com/Samsung-CJ791-Thunderbolt-Curved-Monitor/dp/B07CS3JB5K/ref=sr_1_8?crid=3HANHGCT8DU6Q&dchild=1&keywords=ultrawide+monitor&qid=1610183707&sprefix=ultr%2Caps%2C238&sr=8-8
"Samsung Business CH890 Series 34 inch WQHD 3440x1440 Ultrawide Curved Desktop Monitor for Business, 100 Hz, USB-C, HDMI, DP, 3 Year Warranty (LC34H890WGNXGO), Black/Titanium",$598.46,4.5 out of 5 stars,385,https://www.amazon.com/Samsung-Business-3440x1440-Ultrawide-LC34H890WGNXGO/dp/B08623SZH9/ref=sr_1_9?crid=3HANHGCT8DU6Q&dchild=1&keywords=ultrawide+monitor&qid=1610183707&sprefix=ultr%2Caps%2C238&sr=8-9
"Sceptre 30-inch Curved Gaming Monitor 21:9 2560x1080 Ultra Wide Ultra Slim HDMI DisplayPort up to 200Hz Build-in Speakers, Metal Black (C305B-200UN)",$278.99,4.6 out of 5 stars,"4,989",https://www.amazon.com/Sceptre-30-inch-Curved-Gaming-Monitor/dp/B07TXM7K4T/ref=sr_1_11?crid=3HANHGCT8DU6Q&dchild=1&keywords=ultrawide+monitor&qid=1610183707&sprefix=ultr%2Caps%2C238&sr=8-11
"Samsung C27HG70 27"" HDR QLED 144Hz 1ms Curved Gaming Monitor with FreeSync (C27HG70QQN)",$599.99,4.3 out of 5 stars,"1,292",https://www.amazon.com/gp/slredirect/picassoRedirect.html/ref=pa_sp_mtf_aps_sr_pg1_1?ie=UTF8&adId=A0004081P6NKFEC4DPG7&url=%2FSamsung-C27HG70-27-Inch-Monitor-C27HG70QQN%2Fdp%2FB06XSQ5QN8%2Fref%3Dsr_1_12_sspa%3Fcrid%3D3HANHGCT8DU6Q%26dchild%3D1%26keywords%3Dultrawide%2Bmonitor%26qid%3D1610183707%26sprefix%3Dultr%252Caps%252C238%26sr%3D8-12-spons%26psc%3D1&qualifier=1610183707&id=8532164450374259&widgetName=sp_mtf
LG 25UM58-P 25-Inch UltraWide Full HD (2560 x 1080) IPS Display,$149.99,4.4 out of 5 stars,"3,048",https://www.amazon.com/LG-25UM58-P-25-Inch-21-UltraWide/dp/B01BV1XB2K/ref=sr_1_13?crid=3HANHGCT8DU6Q&dchild=1&keywords=ultrawide+monitor&qid=1610183707&sprefix=ultr%2Caps%2C238&sr=8-13
"Sceptre 34-inch Curved UltraWide 21: 9 Creative LED Monitor 2560x1080 Frameless HDMI DisplayPort Up to 100Hz, Machine Black 2020 (C345W-2560UN)",$349.97,4.6 out of 5 stars,628,https://www.amazon.com/Sceptre-C345W-2560UN-34-inch-Curved-Ultrawide/dp/B0812DHWCJ/ref=sr_1_14?crid=3HANHGCT8DU6Q&dchild=1&keywords=ultrawide+monitor&qid=1610183707&sprefix=ultr%2Caps%2C238&sr=8-14
"LG 34WN650-W 34-Inch 21:9 UltraWide Full HD (2560 x 1080) IPS Display with VESA DisplayHDR 400 and AMD FreeSync, Silver",$346.99,4.6 out of 5 stars,189,https://www.amazon.com/gp/slredirect/picassoRedirect.html/ref=pa_sp_mtf_aps_sr_pg1_1?ie=UTF8&adId=A04179123N42D9IL2GDFG&url=%2FLG-34WN650-W-34-Inch-UltraWide-DisplayHDR%2Fdp%2FB087JB656Q%2Fref%3Dsr_1_17_sspa%3Fcrid%3D3HANHGCT8DU6Q%26dchild%3D1%26keywords%3Dultrawide%2Bmonitor%26qid%3D1610183707%26sprefix%3Dultr%252Caps%252C238%26sr%3D8-17-spons%26psc%3D1&qualifier=1610183707&id=8532164450374259&widgetName=sp_mtf
"LG 34WN650-W 34-Inch 21:9 UltraWide Full HD (2560 x 1080) IPS Display with VESA DisplayHDR 400 and AMD FreeSync, Silver",$346.99,4.6 out of 5 stars,189,https://www.amazon.com/LG-34WN650-W-34-Inch-UltraWide-DisplayHDR/dp/B087JB656Q/ref=sr_1_18?crid=3HANHGCT8DU6Q&dchild=1&keywords=ultrawide+monitor&qid=1610183707&sprefix=ultr%2Caps%2C238&sr=8-18
"LG 34UM69G-B 34-Inch 21:9 UltraWide IPS Monitor with 1ms Motion Blur Reduction and FreeSync,Black",$346.99,4.6 out of 5 stars,946,https://www.amazon.com/LG-34UM69G-B-34-Inch-UltraWide-Reduction/dp/B06XFXX5JH/ref=sr_1_19?crid=3HANHGCT8DU6Q&dchild=1&keywords=ultrawide+monitor&qid=1610183707&sprefix=ultr%2Caps%2C238&sr=8-19
"LG 34"" UltraWide IPS FreeSync LED Monitor 2560 x 1080 21:9 34WL600-B",$325.00,4.6 out of 5 stars,137,https://www.amazon.com/LG-UltraWide-FreeSync-Monitor-2560/dp/B07YRXF62V/ref=sr_1_21?crid=3HANHGCT8DU6Q&dchild=1&keywords=ultrawide+monitor&qid=1610183707&sprefix=ultr%2Caps%2C238&sr=8-21
"Samsung Business TU87F 32 inch 4K UHD 3840x2160 60Hz Computer Monitor for Business with Thunderbolt 3, DisplayPort, USB Hub, 3-Yr WRNTY (F32TU872VN)",$499.99,3.7 out of 5 stars,21,https://www.amazon.com/gp/slredirect/picassoRedirect.html/ref=pa_sp_btf_aps_sr_pg1_1?ie=UTF8&adId=A09666233H8VPUUS7DYVG&url=%2FSamsung-Business-Thunderbolt-DisplayPort-F32TU872VN%2Fdp%2FB08CLSPKJG%2Fref%3Dsr_1_22_sspa%3Fcrid%3D3HANHGCT8DU6Q%26dchild%3D1%26keywords%3Dultrawide%2Bmonitor%26qid%3D1610183707%26sprefix%3Dultr%252Caps%252C238%26sr%3D8-22-spons%26psc%3D1&qualifier=1610183707&id=8532164450374259&widgetName=sp_btf
LG 34WL60TM-B 34 Inch 21:9 UltraWide 1080p Full HD IPS Monitor (Renewed),$279.99,4.5 out of 5 stars,30,https://www.amazon.com/gp/slredirect/picassoRedirect.html/ref=pa_sp_atf_aps_sr_pg1_1?ie=UTF8&adId=A02574201I7UKDWD8KI3C&url=%2FLG-34WL60TM-B-34-Inch-UltraWide%2Fdp%2FB084G7ZDGD%2Fref%3Dsr_1_1_sspa%3Fcrid%3D3HANHGCT8DU6Q%26dchild%3D1%26keywords%3Dultrawide%2Bmonitor%26qid%3D1610183710%26sprefix%3Dultr%252Caps%252C238%26sr%3D8-1-spons%26psc%3D1%26smid%3DAD0BANCB0IN2U&qualifier=1610183710&id=178925291039213&widgetName=sp_atf
"SAMSUNG LU32R590CWNXZA 32-Inch UR590C UHD 4K Curved Gaming Monitor, Dark Blue Gray",$419.99,4.5 out of 5 stars,693,https://www.amazon.com/gp/slredirect/picassoRedirect.html/ref=pa_sp_atf_aps_sr_pg1_1?ie=UTF8&adId=A0359020268NI7NFZOLPF&url=%2FSamsung-U32R590-Curved-Monitor-LU32R590CWNXZA%2Fdp%2FB07L9G1BFX%2Fref%3Dsr_1_2_sspa%3Fcrid%3D3HANHGCT8DU6Q%26dchild%3D1%26keywords%3Dultrawide%2Bmonitor%26qid%3D1610183710%26sprefix%3Dultr%252Caps%252C238%26sr%3D8-2-spons%26psc%3D1&qualifier=1610183710&id=178925291039213&widgetName=sp_atf
"LG 29WN600-W 29"" 21:9 UltraWide WFHD IPS HDR1 0 Monitor with FreeSync, Silver",$226.99,4.6 out of 5 stars,847,https://www.amazon.com/LG-29WN600-W-29-21-UltraWide/dp/B0876DBCBX/ref=sr_1_3?crid=3HANHGCT8DU6Q&dchild=1&keywords=ultrawide+monitor&qid=1610183710&sprefix=ultr%2Caps%2C238&sr=8-3
"Sceptre 35 Inch Curved UltraWide 21: 9 LED Creative Monitor QHD 3440x1440 Frameless AMD Freesync HDMI DisplayPort Up to 100Hz, Machine Black 2020 (C355W-3440UN)",$379.97,4.5 out of 5 stars,"1,311",https://www.amazon.com/Sceptre-C355W-3440UN-Super-Curved-Ultrawide/dp/B0812DKDD9/ref=sr_1_4?crid=3HANHGCT8DU6Q&dchild=1&keywords=ultrawide+monitor&qid=1610183710&sprefix=ultr%2Caps%2C238&sr=8-4
"LG 34WN80C-B 34 inch 21:9 Curved UltraWide WQHD IPS Monitor with USB Type-C Connectivity sRGB 99 percentage Color Gamut and HDR10 Compatibility, Black",$549.99,4.7 out of 5 stars,"1,873",https://www.amazon.com/LG-34WN80C-B-inch-Connectivity-Compatibility/dp/B07YGZ7C1K/ref=sr_1_5?crid=3HANHGCT8DU6Q&dchild=1&keywords=ultrawide+monitor&qid=1610183710&sprefix=ultr%2Caps%2C238&sr=8-5
"LG 34WK650-W 34"" UltraWide 21:9 IPS Monitor with HDR10 and FreeSync (2018), Black/White",$395.26,4.6 out of 5 stars,700,https://www.amazon.com/LG-34WK650-W-34-UltraWide-21/dp/B078GSH1LV/ref=sr_1_6?crid=3HANHGCT8DU6Q&dchild=1&keywords=ultrawide+monitor&qid=1610183710&sprefix=ultr%2Caps%2C238&sr=8-6
"Samsung 32 inch UJ59 4k monitor (LU32J590UQNXZA) - UHD, 3840 x 2160p, 60hz, 4ms, Dual monitor, laptop monitor, monitor stand / riser / mount compliant, AMD FreeSync, Gaming, HDMI, DP, Black",$319.99,4.4 out of 5 stars,661,https://www.amazon.com/gp/slredirect/picassoRedirect.html/ref=pa_sp_mtf_aps_sr_pg1_1?ie=UTF8&adId=A03488281O65SWLZBVVL6&url=%2FSamsung-U32J590-32-Inch-LED-Lit-Monitor%2Fdp%2FB07CS3JGPC%2Fref%3Dsr_1_7_sspa%3Fcrid%3D3HANHGCT8DU6Q%26dchild%3D1%26keywords%3Dultrawide%2Bmonitor%26qid%3D1610183710%26sprefix%3Dultr%252Caps%252C238%26sr%3D8-7-spons%26psc%3D1&qualifier=1610183710&id=178925291039213&widgetName=sp_mtf
"SAMSUNG LC34J791WTNXZA 34-Inch CJ791 Ultrawide Curved Gaming Monitor, White",$679.99,4.5 out of 5 stars,621,https://www.amazon.com/Samsung-CJ791-Thunderbolt-Curved-Monitor/dp/B07CS3JB5K/ref=sr_1_8?crid=3HANHGCT8DU6Q&dchild=1&keywords=ultrawide+monitor&qid=1610183710&sprefix=ultr%2Caps%2C238&sr=8-8
"Samsung Business CH890 Series 34 inch WQHD 3440x1440 Ultrawide Curved Desktop Monitor for Business, 100 Hz, USB-C, HDMI, DP, 3 Year Warranty (LC34H890WGNXGO), Black/Titanium",$598.46,4.5 out of 5 stars,385,https://www.amazon.com/Samsung-Business-3440x1440-Ultrawide-LC34H890WGNXGO/dp/B08623SZH9/ref=sr_1_9?crid=3HANHGCT8DU6Q&dchild=1&keywords=ultrawide+monitor&qid=1610183710&sprefix=ultr%2Caps%2C238&sr=8-9
"Sceptre 30-inch Curved Gaming Monitor 21:9 2560x1080 Ultra Wide Ultra Slim HDMI DisplayPort up to 200Hz Build-in Speakers, Metal Black (C305B-200UN)",$278.99,4.6 out of 5 stars,"4,989",https://www.amazon.com/Sceptre-30-inch-Curved-Gaming-Monitor/dp/B07TXM7K4T/ref=sr_1_11?crid=3HANHGCT8DU6Q&dchild=1&keywords=ultrawide+monitor&qid=1610183710&sprefix=ultr%2Caps%2C238&sr=8-11
"Samsung C27HG70 27"" HDR QLED 144Hz 1ms Curved Gaming Monitor with FreeSync (C27HG70QQN)",$599.99,4.3 out of 5 stars,"1,292",https://www.amazon.com/gp/slredirect/picassoRedirect.html/ref=pa_sp_mtf_aps_sr_pg1_1?ie=UTF8&adId=A0004081P6NKFEC4DPG7&url=%2FSamsung-C27HG70-27-Inch-Monitor-C27HG70QQN%2Fdp%2FB06XSQ5QN8%2Fref%3Dsr_1_12_sspa%3Fcrid%3D3HANHGCT8DU6Q%26dchild%3D1%26keywords%3Dultrawide%2Bmonitor%26qid%3D1610183710%26sprefix%3Dultr%252Caps%252C238%26sr%3D8-12-spons%26psc%3D1&qualifier=1610183710&id=178925291039213&widgetName=sp_mtf
LG 25UM58-P 25-Inch UltraWide Full HD (2560 x 1080) IPS Display,$149.99,4.4 out of 5 stars,"3,048",https://www.amazon.com/LG-25UM58-P-25-Inch-21-UltraWide/dp/B01BV1XB2K/ref=sr_1_13?crid=3HANHGCT8DU6Q&dchild=1&keywords=ultrawide+monitor&qid=1610183710&sprefix=ultr%2Caps%2C238&sr=8-13
"Sceptre 34-inch Curved UltraWide 21: 9 Creative LED Monitor 2560x1080 Frameless HDMI DisplayPort Up to 100Hz, Machine Black 2020 (C345W-2560UN)",$349.97,4.6 out of 5 stars,628,https://www.amazon.com/Sceptre-C345W-2560UN-34-inch-Curved-Ultrawide/dp/B0812DHWCJ/ref=sr_1_14?crid=3HANHGCT8DU6Q&dchild=1&keywords=ultrawide+monitor&qid=1610183710&sprefix=ultr%2Caps%2C238&sr=8-14
"LG 34WN650-W 34-Inch 21:9 UltraWide Full HD (2560 x 1080) IPS Display with VESA DisplayHDR 400 and AMD FreeSync, Silver",$346.99,4.6 out of 5 stars,189,https://www.amazon.com/gp/slredirect/picassoRedirect.html/ref=pa_sp_mtf_aps_sr_pg1_1?ie=UTF8&adId=A04179123N42D9IL2GDFG&url=%2FLG-34WN650-W-34-Inch-UltraWide-DisplayHDR%2Fdp%2FB087JB656Q%2Fref%3Dsr_1_17_sspa%3Fcrid%3D3HANHGCT8DU6Q%26dchild%3D1%26keywords%3Dultrawide%2Bmonitor%26qid%3D1610183710%26sprefix%3Dultr%252Caps%252C238%26sr%3D8-17-spons%26psc%3D1&qualifier=1610183710&id=178925291039213&widgetName=sp_mtf
"LG 34WN650-W 34-Inch 21:9 UltraWide Full HD (2560 x 1080) IPS Display with VESA DisplayHDR 400 and AMD FreeSync, Silver",$346.99,4.6 out of 5 stars,189,https://www.amazon.com/LG-34WN650-W-34-Inch-UltraWide-DisplayHDR/dp/B087JB656Q/ref=sr_1_18?crid=3HANHGCT8DU6Q&dchild=1&keywords=ultrawide+monitor&qid=1610183710&sprefix=ultr%2Caps%2C238&sr=8-18
"LG 34UM69G-B 34-Inch 21:9 UltraWide IPS Monitor with 1ms Motion Blur Reduction and FreeSync,Black",$346.99,4.6 out of 5 stars,946,https://www.amazon.com/LG-34UM69G-B-34-Inch-UltraWide-Reduction/dp/B06XFXX5JH/ref=sr_1_19?crid=3HANHGCT8DU6Q&dchild=1&keywords=ultrawide+monitor&qid=1610183710&sprefix=ultr%2Caps%2C238&sr=8-19
"LG 34"" UltraWide IPS FreeSync LED Monitor 2560 x 1080 21:9 34WL600-B",$325.00,4.6 out of 5 stars,137,https://www.amazon.com/LG-UltraWide-FreeSync-Monitor-2560/dp/B07YRXF62V/ref=sr_1_21?crid=3HANHGCT8DU6Q&dchild=1&keywords=ultrawide+monitor&qid=1610183710&sprefix=ultr%2Caps%2C238&sr=8-21
"Samsung Business TU87F 32 inch 4K UHD 3840x2160 60Hz Computer Monitor for Business with Thunderbolt 3, DisplayPort, USB Hub, 3-Yr WRNTY (F32TU872VN)",$499.99,3.7 out of 5 stars,21,https://www.amazon.com/gp/slredirect/picassoRedirect.html/ref=pa_sp_btf_aps_sr_pg1_1?ie=UTF8&adId=A09666233H8VPUUS7DYVG&url=%2FSamsung-Business-Thunderbolt-DisplayPort-F32TU872VN%2Fdp%2FB08CLSPKJG%2Fref%3Dsr_1_22_sspa%3Fcrid%3D3HANHGCT8DU6Q%26dchild%3D1%26keywords%3Dultrawide%2Bmonitor%26qid%3D1610183710%26sprefix%3Dultr%252Caps%252C238%26sr%3D8-22-spons%26psc%3D1&qualifier=1610183710&id=178925291039213&widgetName=sp_btf
LG 34WL60TM-B 34 Inch 21:9 UltraWide 1080p Full HD IPS Monitor (Renewed),$279.99,4.5 out of 5 stars,30,https://www.amazon.com/gp/slredirect/picassoRedirect.html/ref=pa_sp_atf_aps_sr_pg1_1?ie=UTF8&adId=A02574201I7UKDWD8KI3C&url=%2FLG-34WL60TM-B-34-Inch-UltraWide%2Fdp%2FB084G7ZDGD%2Fref%3Dsr_1_1_sspa%3Fcrid%3D3HANHGCT8DU6Q%26dchild%3D1%26keywords%3Dultrawide%2Bmonitor%26qid%3D1610183713%26sprefix%3Dultr%252Caps%252C238%26sr%3D8-1-spons%26psc%3D1%26smid%3DAD0BANCB0IN2U&qualifier=1610183713&id=4501380060984416&widgetName=sp_atf
"SAMSUNG LU32R590CWNXZA 32-Inch UR590C UHD 4K Curved Gaming Monitor, Dark Blue Gray",$419.99,4.5 out of 5 stars,693,https://www.amazon.com/gp/slredirect/picassoRedirect.html/ref=pa_sp_atf_aps_sr_pg1_1?ie=UTF8&adId=A0359020268NI7NFZOLPF&url=%2FSamsung-U32R590-Curved-Monitor-LU32R590CWNXZA%2Fdp%2FB07L9G1BFX%2Fref%3Dsr_1_2_sspa%3Fcrid%3D3HANHGCT8DU6Q%26dchild%3D1%26keywords%3Dultrawide%2Bmonitor%26qid%3D1610183713%26sprefix%3Dultr%252Caps%252C238%26sr%3D8-2-spons%26psc%3D1&qualifier=1610183713&id=4501380060984416&widgetName=sp_atf
"LG 29WN600-W 29"" 21:9 UltraWide WFHD IPS HDR1 0 Monitor with FreeSync, Silver",$226.99,4.6 out of 5 stars,847,https://www.amazon.com/LG-29WN600-W-29-21-UltraWide/dp/B0876DBCBX/ref=sr_1_3?crid=3HANHGCT8DU6Q&dchild=1&keywords=ultrawide+monitor&qid=1610183713&sprefix=ultr%2Caps%2C238&sr=8-3
"Sceptre 35 Inch Curved UltraWide 21: 9 LED Creative Monitor QHD 3440x1440 Frameless AMD Freesync HDMI DisplayPort Up to 100Hz, Machine Black 2020 (C355W-3440UN)",$379.97,4.5 out of 5 stars,"1,311",https://www.amazon.com/Sceptre-C355W-3440UN-Super-Curved-Ultrawide/dp/B0812DKDD9/ref=sr_1_4?crid=3HANHGCT8DU6Q&dchild=1&keywords=ultrawide+monitor&qid=1610183713&sprefix=ultr%2Caps%2C238&sr=8-4
"LG 34WN80C-B 34 inch 21:9 Curved UltraWide WQHD IPS Monitor with USB Type-C Connectivity sRGB 99 percentage Color Gamut and HDR10 Compatibility, Black",$549.99,4.7 out of 5 stars,"1,873",https://www.amazon.com/LG-34WN80C-B-inch-Connectivity-Compatibility/dp/B07YGZ7C1K/ref=sr_1_5?crid=3HANHGCT8DU6Q&dchild=1&keywords=ultrawide+monitor&qid=1610183713&sprefix=ultr%2Caps%2C238&sr=8-5
"LG 34WK650-W 34"" UltraWide 21:9 IPS Monitor with HDR10 and FreeSync (2018), Black/White",$395.26,4.6 out of 5 stars,700,https://www.amazon.com/LG-34WK650-W-34-UltraWide-21/dp/B078GSH1LV/ref=sr_1_6?crid=3HANHGCT8DU6Q&dchild=1&keywords=ultrawide+monitor&qid=1610183713&sprefix=ultr%2Caps%2C238&sr=8-6
"Samsung 32 inch UJ59 4k monitor (LU32J590UQNXZA) - UHD, 3840 x 2160p, 60hz, 4ms, Dual monitor, laptop monitor, monitor stand / riser / mount compliant, AMD FreeSync, Gaming, HDMI, DP, Black",$319.99,4.4 out of 5 stars,661,https://www.amazon.com/gp/slredirect/picassoRedirect.html/ref=pa_sp_mtf_aps_sr_pg1_1?ie=UTF8&adId=A03488281O65SWLZBVVL6&url=%2FSamsung-U32J590-32-Inch-LED-Lit-Monitor%2Fdp%2FB07CS3JGPC%2Fref%3Dsr_1_7_sspa%3Fcrid%3D3HANHGCT8DU6Q%26dchild%3D1%26keywords%3Dultrawide%2Bmonitor%26qid%3D1610183713%26sprefix%3Dultr%252Caps%252C238%26sr%3D8-7-spons%26psc%3D1&qualifier=1610183713&id=4501380060984416&widgetName=sp_mtf
"SAMSUNG LC34J791WTNXZA 34-Inch CJ791 Ultrawide Curved Gaming Monitor, White",$679.99,4.5 out of 5 stars,621,https://www.amazon.com/Samsung-CJ791-Thunderbolt-Curved-Monitor/dp/B07CS3JB5K/ref=sr_1_8?crid=3HANHGCT8DU6Q&dchild=1&keywords=ultrawide+monitor&qid=1610183713&sprefix=ultr%2Caps%2C238&sr=8-8
"Samsung Business CH890 Series 34 inch WQHD 3440x1440 Ultrawide Curved Desktop Monitor for Business, 100 Hz, USB-C, HDMI, DP, 3 Year Warranty (LC34H890WGNXGO), Black/Titanium",$598.46,4.5 out of 5 stars,385,https://www.amazon.com/Samsung-Business-3440x1440-Ultrawide-LC34H890WGNXGO/dp/B08623SZH9/ref=sr_1_9?crid=3HANHGCT8DU6Q&dchild=1&keywords=ultrawide+monitor&qid=1610183713&sprefix=ultr%2Caps%2C238&sr=8-9
"Sceptre 30-inch Curved Gaming Monitor 21:9 2560x1080 Ultra Wide Ultra Slim HDMI DisplayPort up to 200Hz Build-in Speakers, Metal Black (C305B-200UN)",$278.99,4.6 out of 5 stars,"4,989",https://www.amazon.com/Sceptre-30-inch-Curved-Gaming-Monitor/dp/B07TXM7K4T/ref=sr_1_11?crid=3HANHGCT8DU6Q&dchild=1&keywords=ultrawide+monitor&qid=1610183713&sprefix=ultr%2Caps%2C238&sr=8-11
"Samsung C27HG70 27"" HDR QLED 144Hz 1ms Curved Gaming Monitor with FreeSync (C27HG70QQN)",$599.99,4.3 out of 5 stars,"1,292",https://www.amazon.com/gp/slredirect/picassoRedirect.html/ref=pa_sp_mtf_aps_sr_pg1_1?ie=UTF8&adId=A0004081P6NKFEC4DPG7&url=%2FSamsung-C27HG70-27-Inch-Monitor-C27HG70QQN%2Fdp%2FB06XSQ5QN8%2Fref%3Dsr_1_12_sspa%3Fcrid%3D3HANHGCT8DU6Q%26dchild%3D1%26keywords%3Dultrawide%2Bmonitor%26qid%3D1610183713%26sprefix%3Dultr%252Caps%252C238%26sr%3D8-12-spons%26psc%3D1&qualifier=1610183713&id=4501380060984416&widgetName=sp_mtf
LG 25UM58-P 25-Inch UltraWide Full HD (2560 x 1080) IPS Display,$149.99,4.4 out of 5 stars,"3,048",https://www.amazon.com/LG-25UM58-P-25-Inch-21-UltraWide/dp/B01BV1XB2K/ref=sr_1_13?crid=3HANHGCT8DU6Q&dchild=1&keywords=ultrawide+monitor&qid=1610183713&sprefix=ultr%2Caps%2C238&sr=8-13
"Sceptre 34-inch Curved UltraWide 21: 9 Creative LED Monitor 2560x1080 Frameless HDMI DisplayPort Up to 100Hz, Machine Black 2020 (C345W-2560UN)",$349.97,4.6 out of 5 stars,628,https://www.amazon.com/Sceptre-C345W-2560UN-34-inch-Curved-Ultrawide/dp/B0812DHWCJ/ref=sr_1_14?crid=3HANHGCT8DU6Q&dchild=1&keywords=ultrawide+monitor&qid=1610183713&sprefix=ultr%2Caps%2C238&sr=8-14
"LG 34WN650-W 34-Inch 21:9 UltraWide Full HD (2560 x 1080) IPS Display with VESA DisplayHDR 400 and AMD FreeSync, Silver",$346.99,4.6 out of 5 stars,189,https://www.amazon.com/gp/slredirect/picassoRedirect.html/ref=pa_sp_mtf_aps_sr_pg1_1?ie=UTF8&adId=A04179123N42D9IL2GDFG&url=%2FLG-34WN650-W-34-Inch-UltraWide-DisplayHDR%2Fdp%2FB087JB656Q%2Fref%3Dsr_1_17_sspa%3Fcrid%3D3HANHGCT8DU6Q%26dchild%3D1%26keywords%3Dultrawide%2Bmonitor%26qid%3D1610183713%26sprefix%3Dultr%252Caps%252C238%26sr%3D8-17-spons%26psc%3D1&qualifier=1610183713&id=4501380060984416&widgetName=sp_mtf
"LG 34WN650-W 34-Inch 21:9 UltraWide Full HD (2560 x 1080) IPS Display with VESA DisplayHDR 400 and AMD FreeSync, Silver",$346.99,4.6 out of 5 stars,189,https://www.amazon.com/LG-34WN650-W-34-Inch-UltraWide-DisplayHDR/dp/B087JB656Q/ref=sr_1_18?crid=3HANHGCT8DU6Q&dchild=1&keywords=ultrawide+monitor&qid=1610183713&sprefix=ultr%2Caps%2C238&sr=8-18
"LG 34UM69G-B 34-Inch 21:9 UltraWide IPS Monitor with 1ms Motion Blur Reduction and FreeSync,Black",$346.99,4.6 out of 5 stars,946,https://www.amazon.com/LG-34UM69G-B-34-Inch-UltraWide-Reduction/dp/B06XFXX5JH/ref=sr_1_19?crid=3HANHGCT8DU6Q&dchild=1&keywords=ultrawide+monitor&qid=1610183713&sprefix=ultr%2Caps%2C238&sr=8-19
"LG 34"" UltraWide IPS FreeSync LED Monitor 2560 x 1080 21:9 34WL600-B",$325.00,4.6 out of 5 stars,137,https://www.amazon.com/LG-UltraWide-FreeSync-Monitor-2560/dp/B07YRXF62V/ref=sr_1_21?crid=3HANHGCT8DU6Q&dchild=1&keywords=ultrawide+monitor&qid=1610183713&sprefix=ultr%2Caps%2C238&sr=8-21
"Samsung Business TU87F 32 inch 4K UHD 3840x2160 60Hz Computer Monitor for Business with Thunderbolt 3, DisplayPort, USB Hub, 3-Yr WRNTY (F32TU872VN)",$499.99,3.7 out of 5 stars,21,https://www.amazon.com/gp/slredirect/picassoRedirect.html/ref=pa_sp_btf_aps_sr_pg1_1?ie=UTF8&adId=A09666233H8VPUUS7DYVG&url=%2FSamsung-Business-Thunderbolt-DisplayPort-F32TU872VN%2Fdp%2FB08CLSPKJG%2Fref%3Dsr_1_22_sspa%3Fcrid%3D3HANHGCT8DU6Q%26dchild%3D1%26keywords%3Dultrawide%2Bmonitor%26qid%3D1610183713%26sprefix%3Dultr%252Caps%252C238%26sr%3D8-22-spons%26psc%3D1&qualifier=1610183713&id=4501380060984416&widgetName=sp_btf
LG 34WL60TM-B 34 Inch 21:9 UltraWide 1080p Full HD IPS Monitor (Renewed),$279.99,4.5 out of 5 stars,30,https://www.amazon.com/gp/slredirect/picassoRedirect.html/ref=pa_sp_atf_aps_sr_pg1_1?ie=UTF8&adId=A02574201I7UKDWD8KI3C&url=%2FLG-34WL60TM-B-34-Inch-UltraWide%2Fdp%2FB084G7ZDGD%2Fref%3Dsr_1_1_sspa%3Fcrid%3D3HANHGCT8DU6Q%26dchild%3D1%26keywords%3Dultrawide%2Bmonitor%26qid%3D1610183716%26sprefix%3Dultr%252Caps%252C238%26sr%3D8-1-spons%26psc%3D1%26smid%3DAD0BANCB0IN2U&qualifier=1610183716&id=6545615253090185&widgetName=sp_atf
"SAMSUNG LU32R590CWNXZA 32-Inch UR590C UHD 4K Curved Gaming Monitor, Dark Blue Gray",$419.99,4.5 out of 5 stars,693,https://www.amazon.com/gp/slredirect/picassoRedirect.html/ref=pa_sp_atf_aps_sr_pg1_1?ie=UTF8&adId=A0359020268NI7NFZOLPF&url=%2FSamsung-U32R590-Curved-Monitor-LU32R590CWNXZA%2Fdp%2FB07L9G1BFX%2Fref%3Dsr_1_2_sspa%3Fcrid%3D3HANHGCT8DU6Q%26dchild%3D1%26keywords%3Dultrawide%2Bmonitor%26qid%3D1610183716%26sprefix%3Dultr%252Caps%252C238%26sr%3D8-2-spons%26psc%3D1&qualifier=1610183716&id=6545615253090185&widgetName=sp_atf
"LG 29WN600-W 29"" 21:9 UltraWide WFHD IPS HDR1 0 Monitor with FreeSync, Silver",$226.99,4.6 out of 5 stars,847,https://www.amazon.com/LG-29WN600-W-29-21-UltraWide/dp/B0876DBCBX/ref=sr_1_3?crid=3HANHGCT8DU6Q&dchild=1&keywords=ultrawide+monitor&qid=1610183716&sprefix=ultr%2Caps%2C238&sr=8-3
"Sceptre 35 Inch Curved UltraWide 21: 9 LED Creative Monitor QHD 3440x1440 Frameless AMD Freesync HDMI DisplayPort Up to 100Hz, Machine Black 2020 (C355W-3440UN)",$379.97,4.5 out of 5 stars,"1,311",https://www.amazon.com/Sceptre-C355W-3440UN-Super-Curved-Ultrawide/dp/B0812DKDD9/ref=sr_1_4?crid=3HANHGCT8DU6Q&dchild=1&keywords=ultrawide+monitor&qid=1610183716&sprefix=ultr%2Caps%2C238&sr=8-4
"LG 34WN80C-B 34 inch 21:9 Curved UltraWide WQHD IPS Monitor with USB Type-C Connectivity sRGB 99 percentage Color Gamut and HDR10 Compatibility, Black",$549.99,4.7 out of 5 stars,"1,873",https://www.amazon.com/LG-34WN80C-B-inch-Connectivity-Compatibility/dp/B07YGZ7C1K/ref=sr_1_5?crid=3HANHGCT8DU6Q&dchild=1&keywords=ultrawide+monitor&qid=1610183716&sprefix=ultr%2Caps%2C238&sr=8-5
"LG 34WK650-W 34"" UltraWide 21:9 IPS Monitor with HDR10 and FreeSync (2018), Black/White",$395.26,4.6 out of 5 stars,700,https://www.amazon.com/LG-34WK650-W-34-UltraWide-21/dp/B078GSH1LV/ref=sr_1_6?crid=3HANHGCT8DU6Q&dchild=1&keywords=ultrawide+monitor&qid=1610183716&sprefix=ultr%2Caps%2C238&sr=8-6
"Samsung 32 inch UJ59 4k monitor (LU32J590UQNXZA) - UHD, 3840 x 2160p, 60hz, 4ms, Dual monitor, laptop monitor, monitor stand / riser / mount compliant, AMD FreeSync, Gaming, HDMI, DP, Black",$319.99,4.4 out of 5 stars,661,https://www.amazon.com/gp/slredirect/picassoRedirect.html/ref=pa_sp_mtf_aps_sr_pg1_1?ie=UTF8&adId=A03488281O65SWLZBVVL6&url=%2FSamsung-U32J590-32-Inch-LED-Lit-Monitor%2Fdp%2FB07CS3JGPC%2Fref%3Dsr_1_7_sspa%3Fcrid%3D3HANHGCT8DU6Q%26dchild%3D1%26keywords%3Dultrawide%2Bmonitor%26qid%3D1610183716%26sprefix%3Dultr%252Caps%252C238%26sr%3D8-7-spons%26psc%3D1&qualifier=1610183716&id=6545615253090185&widgetName=sp_mtf
"SAMSUNG LC34J791WTNXZA 34-Inch CJ791 Ultrawide Curved Gaming Monitor, White",$679.99,4.5 out of 5 stars,621,https://www.amazon.com/Samsung-CJ791-Thunderbolt-Curved-Monitor/dp/B07CS3JB5K/ref=sr_1_8?crid=3HANHGCT8DU6Q&dchild=1&keywords=ultrawide+monitor&qid=1610183716&sprefix=ultr%2Caps%2C238&sr=8-8
"Samsung Business CH890 Series 34 inch WQHD 3440x1440 Ultrawide Curved Desktop Monitor for Business, 100 Hz, USB-C, HDMI, DP, 3 Year Warranty (LC34H890WGNXGO), Black/Titanium",$598.46,4.5 out of 5 stars,385,https://www.amazon.com/Samsung-Business-3440x1440-Ultrawide-LC34H890WGNXGO/dp/B08623SZH9/ref=sr_1_9?crid=3HANHGCT8DU6Q&dchild=1&keywords=ultrawide+monitor&qid=1610183716&sprefix=ultr%2Caps%2C238&sr=8-9
"Sceptre 30-inch Curved Gaming Monitor 21:9 2560x1080 Ultra Wide Ultra Slim HDMI DisplayPort up to 200Hz Build-in Speakers, Metal Black (C305B-200UN)",$278.99,4.6 out of 5 stars,"4,989",https://www.amazon.com/Sceptre-30-inch-Curved-Gaming-Monitor/dp/B07TXM7K4T/ref=sr_1_11?crid=3HANHGCT8DU6Q&dchild=1&keywords=ultrawide+monitor&qid=1610183716&sprefix=ultr%2Caps%2C238&sr=8-11
"Samsung C27HG70 27"" HDR QLED 144Hz 1ms Curved Gaming Monitor with FreeSync (C27HG70QQN)",$599.99,4.3 out of 5 stars,"1,292",https://www.amazon.com/gp/slredirect/picassoRedirect.html/ref=pa_sp_mtf_aps_sr_pg1_1?ie=UTF8&adId=A0004081P6NKFEC4DPG7&url=%2FSamsung-C27HG70-27-Inch-Monitor-C27HG70QQN%2Fdp%2FB06XSQ5QN8%2Fref%3Dsr_1_12_sspa%3Fcrid%3D3HANHGCT8DU6Q%26dchild%3D1%26keywords%3Dultrawide%2Bmonitor%26qid%3D1610183716%26sprefix%3Dultr%252Caps%252C238%26sr%3D8-12-spons%26psc%3D1&qualifier=1610183716&id=6545615253090185&widgetName=sp_mtf
LG 25UM58-P 25-Inch UltraWide Full HD (2560 x 1080) IPS Display,$149.99,4.4 out of 5 stars,"3,048",https://www.amazon.com/LG-25UM58-P-25-Inch-21-UltraWide/dp/B01BV1XB2K/ref=sr_1_13?crid=3HANHGCT8DU6Q&dchild=1&keywords=ultrawide+monitor&qid=1610183716&sprefix=ultr%2Caps%2C238&sr=8-13
"Sceptre 34-inch Curved UltraWide 21: 9 Creative LED Monitor 2560x1080 Frameless HDMI DisplayPort Up to 100Hz, Machine Black 2020 (C345W-2560UN)",$349.97,4.6 out of 5 stars,628,https://www.amazon.com/Sceptre-C345W-2560UN-34-inch-Curved-Ultrawide/dp/B0812DHWCJ/ref=sr_1_14?crid=3HANHGCT8DU6Q&dchild=1&keywords=ultrawide+monitor&qid=1610183716&sprefix=ultr%2Caps%2C238&sr=8-14
"LG 34WN650-W 34-Inch 21:9 UltraWide Full HD (2560 x 1080) IPS Display with VESA DisplayHDR 400 and AMD FreeSync, Silver",$346.99,4.6 out of 5 stars,189,https://www.amazon.com/gp/slredirect/picassoRedirect.html/ref=pa_sp_mtf_aps_sr_pg1_1?ie=UTF8&adId=A04179123N42D9IL2GDFG&url=%2FLG-34WN650-W-34-Inch-UltraWide-DisplayHDR%2Fdp%2FB087JB656Q%2Fref%3Dsr_1_17_sspa%3Fcrid%3D3HANHGCT8DU6Q%26dchild%3D1%26keywords%3Dultrawide%2Bmonitor%26qid%3D1610183716%26sprefix%3Dultr%252Caps%252C238%26sr%3D8-17-spons%26psc%3D1&qualifier=1610183716&id=6545615253090185&widgetName=sp_mtf
"LG 34WN650-W 34-Inch 21:9 UltraWide Full HD (2560 x 1080) IPS Display with VESA DisplayHDR 400 and AMD FreeSync, Silver",$346.99,4.6 out of 5 stars,189,https://www.amazon.com/LG-34WN650-W-34-Inch-UltraWide-DisplayHDR/dp/B087JB656Q/ref=sr_1_18?crid=3HANHGCT8DU6Q&dchild=1&keywords=ultrawide+monitor&qid=1610183716&sprefix=ultr%2Caps%2C238&sr=8-18
"LG 34UM69G-B 34-Inch 21:9 UltraWide IPS Monitor with 1ms Motion Blur Reduction and FreeSync,Black",$346.99,4.6 out of 5 stars,946,https://www.amazon.com/LG-34UM69G-B-34-Inch-UltraWide-Reduction/dp/B06XFXX5JH/ref=sr_1_19?crid=3HANHGCT8DU6Q&dchild=1&keywords=ultrawide+monitor&qid=1610183716&sprefix=ultr%2Caps%2C238&sr=8-19
"LG 34"" UltraWide IPS FreeSync LED Monitor 2560 x 1080 21:9 34WL600-B",$325.00,4.6 out of 5 stars,137,https://www.amazon.com/LG-UltraWide-FreeSync-Monitor-2560/dp/B07YRXF62V/ref=sr_1_21?crid=3HANHGCT8DU6Q&dchild=1&keywords=ultrawide+monitor&qid=1610183716&sprefix=ultr%2Caps%2C238&sr=8-21
"Samsung Business TU87F 32 inch 4K UHD 3840x2160 60Hz Computer Monitor for Business with Thunderbolt 3, DisplayPort, USB Hub, 3-Yr WRNTY (F32TU872VN)",$499.99,3.7 out of 5 stars,21,https://www.amazon.com/gp/slredirect/picassoRedirect.html/ref=pa_sp_btf_aps_sr_pg1_1?ie=UTF8&adId=A09666233H8VPUUS7DYVG&url=%2FSamsung-Business-Thunderbolt-DisplayPort-F32TU872VN%2Fdp%2FB08CLSPKJG%2Fref%3Dsr_1_22_sspa%3Fcrid%3D3HANHGCT8DU6Q%26dchild%3D1%26keywords%3Dultrawide%2Bmonitor%26qid%3D1610183716%26sprefix%3Dultr%252Caps%252C238%26sr%3D8-22-spons%26psc%3D1&qualifier=1610183716&id=6545615253090185&widgetName=sp_btf
LG 34WL60TM-B 34 Inch 21:9 UltraWide 1080p Full HD IPS Monitor (Renewed),$279.99,4.5 out of 5 stars,30,https://www.amazon.com/gp/slredirect/picassoRedirect.html/ref=pa_sp_atf_aps_sr_pg1_1?ie=UTF8&adId=A02574201I7UKDWD8KI3C&url=%2FLG-34WL60TM-B-34-Inch-UltraWide%2Fdp%2FB084G7ZDGD%2Fref%3Dsr_1_1_sspa%3Fcrid%3D3HANHGCT8DU6Q%26dchild%3D1%26keywords%3Dultrawide%2Bmonitor%26qid%3D1610183718%26sprefix%3Dultr%252Caps%252C238%26sr%3D8-1-spons%26psc%3D1%26smid%3DAD0BANCB0IN2U&qualifier=1610183718&id=4598947423285889&widgetName=sp_atf
"SAMSUNG LU32R590CWNXZA 32-Inch UR590C UHD 4K Curved Gaming Monitor, Dark Blue Gray",$419.99,4.5 out of 5 stars,693,https://www.amazon.com/gp/slredirect/picassoRedirect.html/ref=pa_sp_atf_aps_sr_pg1_1?ie=UTF8&adId=A0359020268NI7NFZOLPF&url=%2FSamsung-U32R590-Curved-Monitor-LU32R590CWNXZA%2Fdp%2FB07L9G1BFX%2Fref%3Dsr_1_2_sspa%3Fcrid%3D3HANHGCT8DU6Q%26dchild%3D1%26keywords%3Dultrawide%2Bmonitor%26qid%3D1610183718%26sprefix%3Dultr%252Caps%252C238%26sr%3D8-2-spons%26psc%3D1&qualifier=1610183718&id=4598947423285889&widgetName=sp_atf
"LG 29WN600-W 29"" 21:9 UltraWide WFHD IPS HDR1 0 Monitor with FreeSync, Silver",$226.99,4.6 out of 5 stars,847,https://www.amazon.com/LG-29WN600-W-29-21-UltraWide/dp/B0876DBCBX/ref=sr_1_3?crid=3HANHGCT8DU6Q&dchild=1&keywords=ultrawide+monitor&qid=1610183718&sprefix=ultr%2Caps%2C238&sr=8-3
"Sceptre 35 Inch Curved UltraWide 21: 9 LED Creative Monitor QHD 3440x1440 Frameless AMD Freesync HDMI DisplayPort Up to 100Hz, Machine Black 2020 (C355W-3440UN)",$379.97,4.5 out of 5 stars,"1,311",https://www.amazon.com/Sceptre-C355W-3440UN-Super-Curved-Ultrawide/dp/B0812DKDD9/ref=sr_1_4?crid=3HANHGCT8DU6Q&dchild=1&keywords=ultrawide+monitor&qid=1610183718&sprefix=ultr%2Caps%2C238&sr=8-4
"LG 34WN80C-B 34 inch 21:9 Curved UltraWide WQHD IPS Monitor with USB Type-C Connectivity sRGB 99 percentage Color Gamut and HDR10 Compatibility, Black",$549.99,4.7 out of 5 stars,"1,873",https://www.amazon.com/LG-34WN80C-B-inch-Connectivity-Compatibility/dp/B07YGZ7C1K/ref=sr_1_5?crid=3HANHGCT8DU6Q&dchild=1&keywords=ultrawide+monitor&qid=1610183718&sprefix=ultr%2Caps%2C238&sr=8-5
"LG 34WK650-W 34"" UltraWide 21:9 IPS Monitor with HDR10 and FreeSync (2018), Black/White",$395.26,4.6 out of 5 stars,700,https://www.amazon.com/LG-34WK650-W-34-UltraWide-21/dp/B078GSH1LV/ref=sr_1_6?crid=3HANHGCT8DU6Q&dchild=1&keywords=ultrawide+monitor&qid=1610183718&sprefix=ultr%2Caps%2C238&sr=8-6
"Samsung 32 inch UJ59 4k monitor (LU32J590UQNXZA) - UHD, 3840 x 2160p, 60hz, 4ms, Dual monitor, laptop monitor, monitor stand / riser / mount compliant, AMD FreeSync, Gaming, HDMI, DP, Black",$319.99,4.4 out of 5 stars,661,https://www.amazon.com/gp/slredirect/picassoRedirect.html/ref=pa_sp_mtf_aps_sr_pg1_1?ie=UTF8&adId=A03488281O65SWLZBVVL6&url=%2FSamsung-U32J590-32-Inch-LED-Lit-Monitor%2Fdp%2FB07CS3JGPC%2Fref%3Dsr_1_7_sspa%3Fcrid%3D3HANHGCT8DU6Q%26dchild%3D1%26keywords%3Dultrawide%2Bmonitor%26qid%3D1610183718%26sprefix%3Dultr%252Caps%252C238%26sr%3D8-7-spons%26psc%3D1&qualifier=1610183718&id=4598947423285889&widgetName=sp_mtf
"SAMSUNG LC34J791WTNXZA 34-Inch CJ791 Ultrawide Curved Gaming Monitor, White",$679.99,4.5 out of 5 stars,621,https://www.amazon.com/Samsung-CJ791-Thunderbolt-Curved-Monitor/dp/B07CS3JB5K/ref=sr_1_8?crid=3HANHGCT8DU6Q&dchild=1&keywords=ultrawide+monitor&qid=1610183718&sprefix=ultr%2Caps%2C238&sr=8-8
"Samsung Business CH890 Series 34 inch WQHD 3440x1440 Ultrawide Curved Desktop Monitor for Business, 100 Hz, USB-C, HDMI, DP, 3 Year Warranty (LC34H890WGNXGO), Black/Titanium",$598.46,4.5 out of 5 stars,385,https://www.amazon.com/Samsung-Business-3440x1440-Ultrawide-LC34H890WGNXGO/dp/B08623SZH9/ref=sr_1_9?crid=3HANHGCT8DU6Q&dchild=1&keywords=ultrawide+monitor&qid=1610183718&sprefix=ultr%2Caps%2C238&sr=8-9
"Sceptre 30-inch Curved Gaming Monitor 21:9 2560x1080 Ultra Wide Ultra Slim HDMI DisplayPort up to 200Hz Build-in Speakers, Metal Black (C305B-200UN)",$278.99,4.6 out of 5 stars,"4,989",https://www.amazon.com/Sceptre-30-inch-Curved-Gaming-Monitor/dp/B07TXM7K4T/ref=sr_1_11?crid=3HANHGCT8DU6Q&dchild=1&keywords=ultrawide+monitor&qid=1610183718&sprefix=ultr%2Caps%2C238&sr=8-11
"Samsung C27HG70 27"" HDR QLED 144Hz 1ms Curved Gaming Monitor with FreeSync (C27HG70QQN)",$599.99,4.3 out of 5 stars,"1,292",https://www.amazon.com/gp/slredirect/picassoRedirect.html/ref=pa_sp_mtf_aps_sr_pg1_1?ie=UTF8&adId=A0004081P6NKFEC4DPG7&url=%2FSamsung-C27HG70-27-Inch-Monitor-C27HG70QQN%2Fdp%2FB06XSQ5QN8%2Fref%3Dsr_1_12_sspa%3Fcrid%3D3HANHGCT8DU6Q%26dchild%3D1%26keywords%3Dultrawide%2Bmonitor%26qid%3D1610183718%26sprefix%3Dultr%252Caps%252C238%26sr%3D8-12-spons%26psc%3D1&qualifier=1610183718&id=4598947423285889&widgetName=sp_mtf
LG 25UM58-P 25-Inch UltraWide Full HD (2560 x 1080) IPS Display,$149.99,4.4 out of 5 stars,"3,048",https://www.amazon.com/LG-25UM58-P-25-Inch-21-UltraWide/dp/B01BV1XB2K/ref=sr_1_13?crid=3HANHGCT8DU6Q&dchild=1&keywords=ultrawide+monitor&qid=1610183718&sprefix=ultr%2Caps%2C238&sr=8-13
"Sceptre 34-inch Curved UltraWide 21: 9 Creative LED Monitor 2560x1080 Frameless HDMI DisplayPort Up to 100Hz, Machine Black 2020 (C345W-2560UN)",$349.97,4.6 out of 5 stars,628,https://www.amazon.com/Sceptre-C345W-2560UN-34-inch-Curved-Ultrawide/dp/B0812DHWCJ/ref=sr_1_14?crid=3HANHGCT8DU6Q&dchild=1&keywords=ultrawide+monitor&qid=1610183718&sprefix=ultr%2Caps%2C238&sr=8-14
"LG 34WN650-W 34-Inch 21:9 UltraWide Full HD (2560 x 1080) IPS Display with VESA DisplayHDR 400 and AMD FreeSync, Silver",$346.99,4.6 out of 5 stars,189,https://www.amazon.com/gp/slredirect/picassoRedirect.html/ref=pa_sp_mtf_aps_sr_pg1_1?ie=UTF8&adId=A04179123N42D9IL2GDFG&url=%2FLG-34WN650-W-34-Inch-UltraWide-DisplayHDR%2Fdp%2FB087JB656Q%2Fref%3Dsr_1_17_sspa%3Fcrid%3D3HANHGCT8DU6Q%26dchild%3D1%26keywords%3Dultrawide%2Bmonitor%26qid%3D1610183718%26sprefix%3Dultr%252Caps%252C238%26sr%3D8-17-spons%26psc%3D1&qualifier=1610183718&id=4598947423285889&widgetName=sp_mtf
"LG 34WN650-W 34-Inch 21:9 UltraWide Full HD (2560 x 1080) IPS Display with VESA DisplayHDR 400 and AMD FreeSync, Silver",$346.99,4.6 out of 5 stars,189,https://www.amazon.com/LG-34WN650-W-34-Inch-UltraWide-DisplayHDR/dp/B087JB656Q/ref=sr_1_18?crid=3HANHGCT8DU6Q&dchild=1&keywords=ultrawide+monitor&qid=1610183718&sprefix=ultr%2Caps%2C238&sr=8-18
"LG 34UM69G-B 34-Inch 21:9 UltraWide IPS Monitor with 1ms Motion Blur Reduction and FreeSync,Black",$346.99,4.6 out of 5 stars,946,https://www.amazon.com/LG-34UM69G-B-34-Inch-UltraWide-Reduction/dp/B06XFXX5JH/ref=sr_1_19?crid=3HANHGCT8DU6Q&dchild=1&keywords=ultrawide+monitor&qid=1610183718&sprefix=ultr%2Caps%2C238&sr=8-19
"LG 34"" UltraWide IPS FreeSync LED Monitor 2560 x 1080 21:9 34WL600-B",$325.00,4.6 out of 5 stars,137,https://www.amazon.com/LG-UltraWide-FreeSync-Monitor-2560/dp/B07YRXF62V/ref=sr_1_21?crid=3HANHGCT8DU6Q&dchild=1&keywords=ultrawide+monitor&qid=1610183718&sprefix=ultr%2Caps%2C238&sr=8-21
"Samsung Business TU87F 32 inch 4K UHD 3840x2160 60Hz Computer Monitor for Business with Thunderbolt 3, DisplayPort, USB Hub, 3-Yr WRNTY (F32TU872VN)",$499.99,3.7 out of 5 stars,21,https://www.amazon.com/gp/slredirect/picassoRedirect.html/ref=pa_sp_btf_aps_sr_pg1_1?ie=UTF8&adId=A09666233H8VPUUS7DYVG&url=%2FSamsung-Business-Thunderbolt-DisplayPort-F32TU872VN%2Fdp%2FB08CLSPKJG%2Fref%3Dsr_1_22_sspa%3Fcrid%3D3HANHGCT8DU6Q%26dchild%3D1%26keywords%3Dultrawide%2Bmonitor%26qid%3D1610183718%26sprefix%3Dultr%252Caps%252C238%26sr%3D8-22-spons%26psc%3D1&qualifier=1610183718&id=4598947423285889&widgetName=sp_btf
LG 34WL60TM-B 34 Inch 21:9 UltraWide 1080p Full HD IPS Monitor (Renewed),$279.99,4.5 out of 5 stars,30,https://www.amazon.com/gp/slredirect/picassoRedirect.html/ref=pa_sp_atf_aps_sr_pg1_1?ie=UTF8&adId=A02574201I7UKDWD8KI3C&url=%2FLG-34WL60TM-B-34-Inch-UltraWide%2Fdp%2FB084G7ZDGD%2Fref%3Dsr_1_1_sspa%3Fcrid%3D3HANHGCT8DU6Q%26dchild%3D1%26keywords%3Dultrawide%2Bmonitor%26qid%3D1610183720%26sprefix%3Dultr%252Caps%252C238%26sr%3D8-1-spons%26psc%3D1%26smid%3DAD0BANCB0IN2U&qualifier=1610183720&id=2258033142662802&widgetName=sp_atf
"SAMSUNG LU32R590CWNXZA 32-Inch UR590C UHD 4K Curved Gaming Monitor, Dark Blue Gray",$419.99,4.5 out of 5 stars,693,https://www.amazon.com/gp/slredirect/picassoRedirect.html/ref=pa_sp_atf_aps_sr_pg1_1?ie=UTF8&adId=A0359020268NI7NFZOLPF&url=%2FSamsung-U32R590-Curved-Monitor-LU32R590CWNXZA%2Fdp%2FB07L9G1BFX%2Fref%3Dsr_1_2_sspa%3Fcrid%3D3HANHGCT8DU6Q%26dchild%3D1%26keywords%3Dultrawide%2Bmonitor%26qid%3D1610183720%26sprefix%3Dultr%252Caps%252C238%26sr%3D8-2-spons%26psc%3D1&qualifier=1610183720&id=2258033142662802&widgetName=sp_atf
"LG 29WN600-W 29"" 21:9 UltraWide WFHD IPS HDR1 0 Monitor with FreeSync, Silver",$226.99,4.6 out of 5 stars,847,https://www.amazon.com/LG-29WN600-W-29-21-UltraWide/dp/B0876DBCBX/ref=sr_1_3?crid=3HANHGCT8DU6Q&dchild=1&keywords=ultrawide+monitor&qid=1610183720&sprefix=ultr%2Caps%2C238&sr=8-3
"Sceptre 35 Inch Curved UltraWide 21: 9 LED Creative Monitor QHD 3440x1440 Frameless AMD Freesync HDMI DisplayPort Up to 100Hz, Machine Black 2020 (C355W-3440UN)",$379.97,4.5 out of 5 stars,"1,311",https://www.amazon.com/Sceptre-C355W-3440UN-Super-Curved-Ultrawide/dp/B0812DKDD9/ref=sr_1_4?crid=3HANHGCT8DU6Q&dchild=1&keywords=ultrawide+monitor&qid=1610183720&sprefix=ultr%2Caps%2C238&sr=8-4
"LG 34WN80C-B 34 inch 21:9 Curved UltraWide WQHD IPS Monitor with USB Type-C Connectivity sRGB 99 percentage Color Gamut and HDR10 Compatibility, Black",$549.99,4.7 out of 5 stars,"1,873",https://www.amazon.com/LG-34WN80C-B-inch-Connectivity-Compatibility/dp/B07YGZ7C1K/ref=sr_1_5?crid=3HANHGCT8DU6Q&dchild=1&keywords=ultrawide+monitor&qid=1610183720&sprefix=ultr%2Caps%2C238&sr=8-5
"LG 34WK650-W 34"" UltraWide 21:9 IPS Monitor with HDR10 and FreeSync (2018), Black/White",$395.26,4.6 out of 5 stars,700,https://www.amazon.com/LG-34WK650-W-34-UltraWide-21/dp/B078GSH1LV/ref=sr_1_6?crid=3HANHGCT8DU6Q&dchild=1&keywords=ultrawide+monitor&qid=1610183720&sprefix=ultr%2Caps%2C238&sr=8-6
"Samsung 32 inch UJ59 4k monitor (LU32J590UQNXZA) - UHD, 3840 x 2160p, 60hz, 4ms, Dual monitor, laptop monitor, monitor stand / riser / mount compliant, AMD FreeSync, Gaming, HDMI, DP, Black",$319.99,4.4 out of 5 stars,661,https://www.amazon.com/gp/slredirect/picassoRedirect.html/ref=pa_sp_mtf_aps_sr_pg1_1?ie=UTF8&adId=A03488281O65SWLZBVVL6&url=%2FSamsung-U32J590-32-Inch-LED-Lit-Monitor%2Fdp%2FB07CS3JGPC%2Fref%3Dsr_1_7_sspa%3Fcrid%3D3HANHGCT8DU6Q%26dchild%3D1%26keywords%3Dultrawide%2Bmonitor%26qid%3D1610183720%26sprefix%3Dultr%252Caps%252C238%26sr%3D8-7-spons%26psc%3D1&qualifier=1610183720&id=2258033142662802&widgetName=sp_mtf
"SAMSUNG LC34J791WTNXZA 34-Inch CJ791 Ultrawide Curved Gaming Monitor, White",$679.99,4.5 out of 5 stars,621,https://www.amazon.com/Samsung-CJ791-Thunderbolt-Curved-Monitor/dp/B07CS3JB5K/ref=sr_1_8?crid=3HANHGCT8DU6Q&dchild=1&keywords=ultrawide+monitor&qid=1610183720&sprefix=ultr%2Caps%2C238&sr=8-8
"Samsung Business CH890 Series 34 inch WQHD 3440x1440 Ultrawide Curved Desktop Monitor for Business, 100 Hz, USB-C, HDMI, DP, 3 Year Warranty (LC34H890WGNXGO), Black/Titanium",$598.46,4.5 out of 5 stars,385,https://www.amazon.com/Samsung-Business-3440x1440-Ultrawide-LC34H890WGNXGO/dp/B08623SZH9/ref=sr_1_9?crid=3HANHGCT8DU6Q&dchild=1&keywords=ultrawide+monitor&qid=1610183720&sprefix=ultr%2Caps%2C238&sr=8-9
"Sceptre 30-inch Curved Gaming Monitor 21:9 2560x1080 Ultra Wide Ultra Slim HDMI DisplayPort up to 200Hz Build-in Speakers, Metal Black (C305B-200UN)",$278.99,4.6 out of 5 stars,"4,989",https://www.amazon.com/Sceptre-30-inch-Curved-Gaming-Monitor/dp/B07TXM7K4T/ref=sr_1_11?crid=3HANHGCT8DU6Q&dchild=1&keywords=ultrawide+monitor&qid=1610183720&sprefix=ultr%2Caps%2C238&sr=8-11
"Samsung C27HG70 27"" HDR QLED 144Hz 1ms Curved Gaming Monitor with FreeSync (C27HG70QQN)",$599.99,4.3 out of 5 stars,"1,292",https://www.amazon.com/gp/slredirect/picassoRedirect.html/ref=pa_sp_mtf_aps_sr_pg1_1?ie=UTF8&adId=A0004081P6NKFEC4DPG7&url=%2FSamsung-C27HG70-27-Inch-Monitor-C27HG70QQN%2Fdp%2FB06XSQ5QN8%2Fref%3Dsr_1_12_sspa%3Fcrid%3D3HANHGCT8DU6Q%26dchild%3D1%26keywords%3Dultrawide%2Bmonitor%26qid%3D1610183720%26sprefix%3Dultr%252Caps%252C238%26sr%3D8-12-spons%26psc%3D1&qualifier=1610183720&id=2258033142662802&widgetName=sp_mtf
LG 25UM58-P 25-Inch UltraWide Full HD (2560 x 1080) IPS Display,$149.99,4.4 out of 5 stars,"3,048",https://www.amazon.com/LG-25UM58-P-25-Inch-21-UltraWide/dp/B01BV1XB2K/ref=sr_1_13?crid=3HANHGCT8DU6Q&dchild=1&keywords=ultrawide+monitor&qid=1610183720&sprefix=ultr%2Caps%2C238&sr=8-13
"Sceptre 34-inch Curved UltraWide 21: 9 Creative LED Monitor 2560x1080 Frameless HDMI DisplayPort Up to 100Hz, Machine Black 2020 (C345W-2560UN)",$349.97,4.6 out of 5 stars,628,https://www.amazon.com/Sceptre-C345W-2560UN-34-inch-Curved-Ultrawide/dp/B0812DHWCJ/ref=sr_1_14?crid=3HANHGCT8DU6Q&dchild=1&keywords=ultrawide+monitor&qid=1610183720&sprefix=ultr%2Caps%2C238&sr=8-14
"LG 34WN650-W 34-Inch 21:9 UltraWide Full HD (2560 x 1080) IPS Display with VESA DisplayHDR 400 and AMD FreeSync, Silver",$346.99,4.6 out of 5 stars,189,https://www.amazon.com/gp/slredirect/picassoRedirect.html/ref=pa_sp_mtf_aps_sr_pg1_1?ie=UTF8&adId=A04179123N42D9IL2GDFG&url=%2FLG-34WN650-W-34-Inch-UltraWide-DisplayHDR%2Fdp%2FB087JB656Q%2Fref%3Dsr_1_17_sspa%3Fcrid%3D3HANHGCT8DU6Q%26dchild%3D1%26keywords%3Dultrawide%2Bmonitor%26qid%3D1610183720%26sprefix%3Dultr%252Caps%252C238%26sr%3D8-17-spons%26psc%3D1&qualifier=1610183720&id=2258033142662802&widgetName=sp_mtf
"LG 34WN650-W 34-Inch 21:9 UltraWide Full HD (2560 x 1080) IPS Display with VESA DisplayHDR 400 and AMD FreeSync, Silver",$346.99,4.6 out of 5 stars,189,https://www.amazon.com/LG-34WN650-W-34-Inch-UltraWide-DisplayHDR/dp/B087JB656Q/ref=sr_1_18?crid=3HANHGCT8DU6Q&dchild=1&keywords=ultrawide+monitor&qid=1610183720&sprefix=ultr%2Caps%2C238&sr=8-18
"LG 34UM69G-B 34-Inch 21:9 UltraWide IPS Monitor with 1ms Motion Blur Reduction and FreeSync,Black",$346.99,4.6 out of 5 stars,946,https://www.amazon.com/LG-34UM69G-B-34-Inch-UltraWide-Reduction/dp/B06XFXX5JH/ref=sr_1_19?crid=3HANHGCT8DU6Q&dchild=1&keywords=ultrawide+monitor&qid=1610183720&sprefix=ultr%2Caps%2C238&sr=8-19
"LG 34"" UltraWide IPS FreeSync LED Monitor 2560 x 1080 21:9 34WL600-B",$325.00,4.6 out of 5 stars,137,https://www.amazon.com/LG-UltraWide-FreeSync-Monitor-2560/dp/B07YRXF62V/ref=sr_1_21?crid=3HANHGCT8DU6Q&dchild=1&keywords=ultrawide+monitor&qid=1610183720&sprefix=ultr%2Caps%2C238&sr=8-21
"Samsung Business TU87F 32 inch 4K UHD 3840x2160 60Hz Computer Monitor for Business with Thunderbolt 3, DisplayPort, USB Hub, 3-Yr WRNTY (F32TU872VN)",$499.99,3.7 out of 5 stars,21,https://www.amazon.com/gp/slredirect/picassoRedirect.html/ref=pa_sp_btf_aps_sr_pg1_1?ie=UTF8&adId=A09666233H8VPUUS7DYVG&url=%2FSamsung-Business-Thunderbolt-DisplayPort-F32TU872VN%2Fdp%2FB08CLSPKJG%2Fref%3Dsr_1_22_sspa%3Fcrid%3D3HANHGCT8DU6Q%26dchild%3D1%26keywords%3Dultrawide%2Bmonitor%26qid%3D1610183720%26sprefix%3Dultr%252Caps%252C238%26sr%3D8-22-spons%26psc%3D1&qualifier=1610183720&id=2258033142662802&widgetName=sp_btf
LG 34WL60TM-B 34 Inch 21:9 UltraWide 1080p Full HD IPS Monitor (Renewed),$279.99,4.5 out of 5 stars,30,https://www.amazon.com/gp/slredirect/picassoRedirect.html/ref=pa_sp_atf_aps_sr_pg1_1?ie=UTF8&adId=A02574201I7UKDWD8KI3C&url=%2FLG-34WL60TM-B-34-Inch-UltraWide%2Fdp%2FB084G7ZDGD%2Fref%3Dsr_1_1_sspa%3Fcrid%3D3HANHGCT8DU6Q%26dchild%3D1%26keywords%3Dultrawide%2Bmonitor%26qid%3D1610183723%26sprefix%3Dultr%252Caps%252C238%26sr%3D8-1-spons%26psc%3D1%26smid%3DAD0BANCB0IN2U&qualifier=1610183723&id=887069314577220&widgetName=sp_atf
"SAMSUNG LU32R590CWNXZA 32-Inch UR590C UHD 4K Curved Gaming Monitor, Dark Blue Gray",$419.99,4.5 out of 5 stars,693,https://www.amazon.com/gp/slredirect/picassoRedirect.html/ref=pa_sp_atf_aps_sr_pg1_1?ie=UTF8&adId=A0359020268NI7NFZOLPF&url=%2FSamsung-U32R590-Curved-Monitor-LU32R590CWNXZA%2Fdp%2FB07L9G1BFX%2Fref%3Dsr_1_2_sspa%3Fcrid%3D3HANHGCT8DU6Q%26dchild%3D1%26keywords%3Dultrawide%2Bmonitor%26qid%3D1610183723%26sprefix%3Dultr%252Caps%252C238%26sr%3D8-2-spons%26psc%3D1&qualifier=1610183723&id=887069314577220&widgetName=sp_atf
"LG 29WN600-W 29"" 21:9 UltraWide WFHD IPS HDR1 0 Monitor with FreeSync, Silver",$226.99,4.6 out of 5 stars,847,https://www.amazon.com/LG-29WN600-W-29-21-UltraWide/dp/B0876DBCBX/ref=sr_1_3?crid=3HANHGCT8DU6Q&dchild=1&keywords=ultrawide+monitor&qid=1610183723&sprefix=ultr%2Caps%2C238&sr=8-3
"Sceptre 35 Inch Curved UltraWide 21: 9 LED Creative Monitor QHD 3440x1440 Frameless AMD Freesync HDMI DisplayPort Up to 100Hz, Machine Black 2020 (C355W-3440UN)",$379.97,4.5 out of 5 stars,"1,311",https://www.amazon.com/Sceptre-C355W-3440UN-Super-Curved-Ultrawide/dp/B0812DKDD9/ref=sr_1_4?crid=3HANHGCT8DU6Q&dchild=1&keywords=ultrawide+monitor&qid=1610183723&sprefix=ultr%2Caps%2C238&sr=8-4
"LG 34WN80C-B 34 inch 21:9 Curved UltraWide WQHD IPS Monitor with USB Type-C Connectivity sRGB 99 percentage Color Gamut and HDR10 Compatibility, Black",$549.99,4.7 out of 5 stars,"1,873",https://www.amazon.com/LG-34WN80C-B-inch-Connectivity-Compatibility/dp/B07YGZ7C1K/ref=sr_1_5?crid=3HANHGCT8DU6Q&dchild=1&keywords=ultrawide+monitor&qid=1610183723&sprefix=ultr%2Caps%2C238&sr=8-5
"LG 34WK650-W 34"" UltraWide 21:9 IPS Monitor with HDR10 and FreeSync (2018), Black/White",$395.26,4.6 out of 5 stars,700,https://www.amazon.com/LG-34WK650-W-34-UltraWide-21/dp/B078GSH1LV/ref=sr_1_6?crid=3HANHGCT8DU6Q&dchild=1&keywords=ultrawide+monitor&qid=1610183723&sprefix=ultr%2Caps%2C238&sr=8-6
"Samsung 32 inch UJ59 4k monitor (LU32J590UQNXZA) - UHD, 3840 x 2160p, 60hz, 4ms, Dual monitor, laptop monitor, monitor stand / riser / mount compliant, AMD FreeSync, Gaming, HDMI, DP, Black",$319.99,4.4 out of 5 stars,661,https://www.amazon.com/gp/slredirect/picassoRedirect.html/ref=pa_sp_mtf_aps_sr_pg1_1?ie=UTF8&adId=A03488281O65SWLZBVVL6&url=%2FSamsung-U32J590-32-Inch-LED-Lit-Monitor%2Fdp%2FB07CS3JGPC%2Fref%3Dsr_1_7_sspa%3Fcrid%3D3HANHGCT8DU6Q%26dchild%3D1%26keywords%3Dultrawide%2Bmonitor%26qid%3D1610183723%26sprefix%3Dultr%252Caps%252C238%26sr%3D8-7-spons%26psc%3D1&qualifier=1610183723&id=887069314577220&widgetName=sp_mtf
"SAMSUNG LC34J791WTNXZA 34-Inch CJ791 Ultrawide Curved Gaming Monitor, White",$679.99,4.5 out of 5 stars,621,https://www.amazon.com/Samsung-CJ791-Thunderbolt-Curved-Monitor/dp/B07CS3JB5K/ref=sr_1_8?crid=3HANHGCT8DU6Q&dchild=1&keywords=ultrawide+monitor&qid=1610183723&sprefix=ultr%2Caps%2C238&sr=8-8
"Samsung Business CH890 Series 34 inch WQHD 3440x1440 Ultrawide Curved Desktop Monitor for Business, 100 Hz, USB-C, HDMI, DP, 3 Year Warranty (LC34H890WGNXGO), Black/Titanium",$598.46,4.5 out of 5 stars,385,https://www.amazon.com/Samsung-Business-3440x1440-Ultrawide-LC34H890WGNXGO/dp/B08623SZH9/ref=sr_1_9?crid=3HANHGCT8DU6Q&dchild=1&keywords=ultrawide+monitor&qid=1610183723&sprefix=ultr%2Caps%2C238&sr=8-9
"Sceptre 30-inch Curved Gaming Monitor 21:9 2560x1080 Ultra Wide Ultra Slim HDMI DisplayPort up to 200Hz Build-in Speakers, Metal Black (C305B-200UN)",$278.99,4.6 out of 5 stars,"4,989",https://www.amazon.com/Sceptre-30-inch-Curved-Gaming-Monitor/dp/B07TXM7K4T/ref=sr_1_11?crid=3HANHGCT8DU6Q&dchild=1&keywords=ultrawide+monitor&qid=1610183723&sprefix=ultr%2Caps%2C238&sr=8-11
"Samsung C27HG70 27"" HDR QLED 144Hz 1ms Curved Gaming Monitor with FreeSync (C27HG70QQN)",$599.99,4.3 out of 5 stars,"1,292",https://www.amazon.com/gp/slredirect/picassoRedirect.html/ref=pa_sp_mtf_aps_sr_pg1_1?ie=UTF8&adId=A0004081P6NKFEC4DPG7&url=%2FSamsung-C27HG70-27-Inch-Monitor-C27HG70QQN%2Fdp%2FB06XSQ5QN8%2Fref%3Dsr_1_12_sspa%3Fcrid%3D3HANHGCT8DU6Q%26dchild%3D1%26keywords%3Dultrawide%2Bmonitor%26qid%3D1610183723%26sprefix%3Dultr%252Caps%252C238%26sr%3D8-12-spons%26psc%3D1&qualifier=1610183723&id=887069314577220&widgetName=sp_mtf
LG 25UM58-P 25-Inch UltraWide Full HD (2560 x 1080) IPS Display,$149.99,4.4 out of 5 stars,"3,048",https://www.amazon.com/LG-25UM58-P-25-Inch-21-UltraWide/dp/B01BV1XB2K/ref=sr_1_13?crid=3HANHGCT8DU6Q&dchild=1&keywords=ultrawide+monitor&qid=1610183723&sprefix=ultr%2Caps%2C238&sr=8-13
"Sceptre 34-inch Curved UltraWide 21: 9 Creative LED Monitor 2560x1080 Frameless HDMI DisplayPort Up to 100Hz, Machine Black 2020 (C345W-2560UN)",$349.97,4.6 out of 5 stars,628,https://www.amazon.com/Sceptre-C345W-2560UN-34-inch-Curved-Ultrawide/dp/B0812DHWCJ/ref=sr_1_14?crid=3HANHGCT8DU6Q&dchild=1&keywords=ultrawide+monitor&qid=1610183723&sprefix=ultr%2Caps%2C238&sr=8-14
"LG 34WN650-W 34-Inch 21:9 UltraWide Full HD (2560 x 1080) IPS Display with VESA DisplayHDR 400 and AMD FreeSync, Silver",$346.99,4.6 out of 5 stars,189,https://www.amazon.com/gp/slredirect/picassoRedirect.html/ref=pa_sp_mtf_aps_sr_pg1_1?ie=UTF8&adId=A04179123N42D9IL2GDFG&url=%2FLG-34WN650-W-34-Inch-UltraWide-DisplayHDR%2Fdp%2FB087JB656Q%2Fref%3Dsr_1_17_sspa%3Fcrid%3D3HANHGCT8DU6Q%26dchild%3D1%26keywords%3Dultrawide%2Bmonitor%26qid%3D1610183723%26sprefix%3Dultr%252Caps%252C238%26sr%3D8-17-spons%26psc%3D1&qualifier=1610183723&id=887069314577220&widgetName=sp_mtf
"LG 34WN650-W 34-Inch 21:9 UltraWide Full HD (2560 x 1080) IPS Display with VESA DisplayHDR 400 and AMD FreeSync, Silver",$346.99,4.6 out of 5 stars,189,https://www.amazon.com/LG-34WN650-W-34-Inch-UltraWide-DisplayHDR/dp/B087JB656Q/ref=sr_1_18?crid=3HANHGCT8DU6Q&dchild=1&keywords=ultrawide+monitor&qid=1610183723&sprefix=ultr%2Caps%2C238&sr=8-18
"LG 34UM69G-B 34-Inch 21:9 UltraWide IPS Monitor with 1ms Motion Blur Reduction and FreeSync,Black",$346.99,4.6 out of 5 stars,946,https://www.amazon.com/LG-34UM69G-B-34-Inch-UltraWide-Reduction/dp/B06XFXX5JH/ref=sr_1_19?crid=3HANHGCT8DU6Q&dchild=1&keywords=ultrawide+monitor&qid=1610183723&sprefix=ultr%2Caps%2C238&sr=8-19
"LG 34"" UltraWide IPS FreeSync LED Monitor 2560 x 1080 21:9 34WL600-B",$325.00,4.6 out of 5 stars,137,https://www.amazon.com/LG-UltraWide-FreeSync-Monitor-2560/dp/B07YRXF62V/ref=sr_1_21?crid=3HANHGCT8DU6Q&dchild=1&keywords=ultrawide+monitor&qid=1610183723&sprefix=ultr%2Caps%2C238&sr=8-21
"Samsung Business TU87F 32 inch 4K UHD 3840x2160 60Hz Computer Monitor for Business with Thunderbolt 3, DisplayPort, USB Hub, 3-Yr WRNTY (F32TU872VN)",$499.99,3.7 out of 5 stars,21,https://www.amazon.com/gp/slredirect/picassoRedirect.html/ref=pa_sp_btf_aps_sr_pg1_1?ie=UTF8&adId=A09666233H8VPUUS7DYVG&url=%2FSamsung-Business-Thunderbolt-DisplayPort-F32TU872VN%2Fdp%2FB08CLSPKJG%2Fref%3Dsr_1_22_sspa%3Fcrid%3D3HANHGCT8DU6Q%26dchild%3D1%26keywords%3Dultrawide%2Bmonitor%26qid%3D1610183723%26sprefix%3Dultr%252Caps%252C238%26sr%3D8-22-spons%26psc%3D1&qualifier=1610183723&id=887069314577220&widgetName=sp_btf
