JobTile,Company,Location,PostDate,ExtractDate,Summary,Salary,JobURL
Data Scientist,FORM,"Vancouver, BC",3 days ago,09/01/2021,"This includes conducting field trials to gather data, and organizing, analyzing, and drawing meaningful conclusions from collected data.",,https://ca.indeed.com/pagead/clk?mo=r&ad=-6NYlbfkN0BFra9SaKlkDuvQKsyprre9PAZffN_jrc31lsXXcWnPpcSuDlwABIZtQM778_ABA8I4dGXOwMCShz1aP8V4U-ezpgj-LAp9xsevwkbvUsZrer6LlWE-tVXUPxZlpz62cZlH2jmZSxldwMMYTEpQ48CnNDJ-uSqrB_V6KgGyuDzqcNLtx461nJO38YrjsdTf7Xsk0vJWaccAIh-HLPblF3nDRXx7nwmslYHtAYMoWMlAN-JJZGziC2olHNbUJz06FOrfaTA4A9b1KNEOjZ9wXbRtLBTdOkWbwMZM39z6Flu6WbL5dSav-ghLR7-fVea6707O-8eDdZYAklgTPwCSe7pVVz1b7J8tE7WI91stcTLLQQ4ICt-co8qcCuLWjBnW9xD5LSRbA9_L2wX8A94X8wOpMfNM-sR6rkstqxcAVhaEQ7C0k1WUXQxHPAKsw3PETeXf7LTo-iJPuQ==&p=0&fvj=1&vjs=3
Staff Data Scientist,realtor.com,"Vancouver, BC",22 days ago,09/01/2021,"Knowledgeable of core CS concepts such as: structured and unstructured data, data management and querying, common data structures and algorithms.",,https://ca.indeed.com/pagead/clk?mo=r&ad=-6NYlbfkN0B2hjH3vMbZtbZ8_9tWsjBH7QaRAfZSJPKJqY43Jwzx1gTUcuFWCJTYV-9OSXmxq83R7ckP-bXEwe24-SIJ1Bdn4ZZWZ9_GekbOfrb02qJICkPBy_oXDOyC_PjbreMkbqBeT_hDmDRUhUAWJvTnh1ZgXmxkA_Io0cHhvPxH3jLK4bX9vGjWzs6hU2f5GQiYF63L1HtoYyGpJGgJ4j7Lbg42nUDoQMYIJNr7oX8Wt0rjBHPLmkUtWFX3GjsKPm6uPAIpcaRdxzF6M70QbWf_CTRkg9vbrnVREC8DrdGFoxFEv1tjdS_XiSWkbIxlD6fvRDDsf-TseeAq0TyCnrS1U8ombALxhQxVnIiEh1nDEa8ti2FAXNuES2iDB0wf8WR9CXsSIXifRqiXYQpfpV5OfdEg-cMlq3BV10xEqSDxm0loNhqd3NnpgY-gIPiWUYWkwVm7T6ww8mChCEwFB8U4LjmrG8I1_6YauAYnoE_dys00uqa0O3tppZXmemic9G-sUpo=&p=1&fvj=0&vjs=3
Data Scientist Co-op or Intern,Visier Inc.,"Vancouver, BC",1 day ago,09/01/2021,"We offer competitive salary and benefit options, Scala certification, bootcamps, lunch and learns, personal development subsidies, in-house gym facilities …",,https://ca.indeed.com/rc/clk?jk=f14c1e949079f0d6&fccid=bcfb39af889db96e&vjs=3
Data Scientist Analytics,TransLink,"Metro Vancouver Regional District, BC",1 day ago,09/01/2021,"Analyses extremely large, complex structured or unstructured data sets; merges large data sets as required to create new data sets or to generate insight from…","$68,564 a year",https://ca.indeed.com/company/TransLink/jobs/Data-Scientist-Analytic-9f28f5cb41c3b09a?fccid=966bd00de3e8ab9d&vjs=3
Data Analyst,International Financial Group,"Vancouver, BC",30+ days ago,09/01/2021,"The Data Analyst will work alongside data engineers to obtain data, monitor data quality, and perform ETL for dashboarding and analysis.",,https://ca.indeed.com/pagead/clk?mo=r&ad=-6NYlbfkN0Aji6ATb26Yyb09g5imj6JxAacRjLEDyoHO-vrhJmHqVUoHrBHvjf13V9v4P7h0GX3is-A9-pQeYwhSDk8_f1aTU9iAdOeWKNrAXBwB5TPTvDFlvDXqnMYC9iIZEmWxl4epD0qIfNkn_uHjislr_OQFJ-C5hVINbatjB1JEWaW_KXyOrlmHt6aP3AqgIx-DPQC91L8V-S07LKDVH8YsLa7SNLsPm4il0C6zCFZMMf-x650C2cCgCFjXrHPBVqD1dA-CTgaq-l4aYjP_MxZ7PmFmxu4eDvq6RFKaSylXtLvwhQ-k7RNc_L8PAJxvOgriehvouAlZdBZjlOzrgfyUjIrVlaa0CsKbtmZ-ZFR6waZypH_8ZOi_ljxtohd9BP7J-lm3oMjGa_ctktpdEWL_P-z1ZFeUFrQWYPaXa4V7iTUAGps5XadF224oJj3E5um0MMsHgn_w6_lp_A==&p=4&fvj=0&vjs=3
Data Analyst/Financial Analyst,Sunnyfuture Group,"Vancouver, BC",26 days ago,09/01/2021,"Technical expertise regarding data models, database design development, data mining and segmentation techniques.
Customer interface and communication skills.","$60,000 a year",https://ca.indeed.com/pagead/clk?mo=r&ad=-6NYlbfkN0DN4wB7fGLCbmuhu3zw8R1bV5ewFgVlK-RJX5HE14BWjfHp9t8BmL5nkWWqRsdm7fVHVwibOF6MPM2mVrQuu0U0JCWUBm2WZD6qJLB_ZPl0Qbg_l9kjuHxen8jLi4PGlCm-H1Mdj47uY4yabAEE4xQLejU81QbUIQx5QBtTd_R5e1f6SwHGEtfmAN__jPwDvHhhKhddE3GL0k3dawt2TiTfJlVUSs3G1sTMC8FKYCRB6fbmOZ3c3CyPxjKNPhq77pz0hBTkY8X0BUk6J_kLWsEiu9orFRn2YFF_6WsGudwImTF_nsrjhsGvB8lE5gGH7YU8l3zssoH2wXbEaAHwuTfYROtrYE_YpMQWdma9skHJUFdFniJzXTHtCnHpMuDnSWbGCov6n9854N7Z9MRDS2sxDxy_yTrOt1uTOqDZ6qco7Ct3gbBF9BpZLwRGELuUFdqlp2vzXhddkI5x8XJ2xMrjZGjx9tA3p1-tYeTy3c1N3WkWBmgfqezX&p=5&fvj=1&vjs=3
Data Scientist,Neon,"Vancouver, BC",1 day ago,09/01/2021,You have 2+ years of experience as a data scientist with a proven ability to apply scientific methods to solve real-world problems.,,https://ca.indeed.com/rc/clk?jk=4512a77cad4a7b66&fccid=70dcb313de6ce890&vjs=3
Senior Data Scientist,Microsoft,"Vancouver, BC",Today,09/01/2021,"Develop analytical data sets which can be used to for analytics and data science.
Experience building large scale data sets in Azure, Hadoop or similar big data…",,https://ca.indeed.com/rc/clk?jk=65d78abc3703d584&fccid=734cb5a01ee60f80&vjs=3
Machine Learning Engineer (Wireless),Bluvec Technoligies Inc.,"Burnaby, BC",9 days ago,09/01/2021,"With core designers from Microsoft, Viavi, Fortinet and Dali wireless etc., we focus on designing IOT security products which provide detection, localization,…","$70,000 - $120,000 a year",https://ca.indeed.com/company/bluvec/jobs/Machine-Learning-Engineer-967221eb73dbd4e0?fccid=9101a4e8236e4d23&vjs=3
Data Scientist - Bus Priority Programs,TransLink,"Metro Vancouver Regional District, BC",1 day ago,09/01/2021,"Analyses extremely large, complex structured or unstructured data sets; merges large data sets as required to create new data sets or to generate insight from…","$68,564 a year",https://ca.indeed.com/company/TransLink/jobs/Data-Scientist-197bb8abb15b8c53?fccid=966bd00de3e8ab9d&vjs=3
Data Scientist,Fantuan Technology Ltd,"Burnaby, BC",30+ days ago,09/01/2021,"Data analysis: 2 years (Required).
Have 2+ years of working experience in a data analysis or similar role.
Interpret, evaluate, and interrelate research data…",,https://ca.indeed.com/company/Just-Order-Enterprise-Corp./jobs/Data-Scientist-3e739a6aa84f5505?fccid=d8ddff9f4870d4dd&vjs=3
Data Scientist,Imperva,"Vancouver, BC",3 days ago,09/01/2021,"Aggregate data and split graphs as required.
We prefer candidates that have experience creating complex data visualization tools but are also open to new…",,https://ca.indeed.com/rc/clk?jk=153d9b53459fc59f&fccid=a83aa9033316475b&vjs=3
Temporary Clinical Data Scientist - Remote Position,MAPS PBC,"Vancouver, BC",30+ days ago,09/01/2021,"Reviews data transfers for ongoing trials to identify study conduct or data quality issues.
Analyzes data in SAS, creates graphs and tables for regulatory…",,https://ca.indeed.com/rc/clk?jk=6d0fa9975344bcd9&fccid=b8abf451ecb1b1ca&vjs=3
Machine Learning Applied Scientist / Engineer,Microsoft,"Vancouver, BC",2 days ago,09/01/2021,We develop technologies and do applied research and development to enable better customer experiences for real-time collaboration.,,https://ca.indeed.com/rc/clk?jk=12f7d2060e75adfc&fccid=734cb5a01ee60f80&vjs=3
Intermediate Data Analyst,Unbounce,"Vancouver, BC",30+ days ago,09/01/2021,"You’re familiar with 3rd party tooling and data integrations, and at monitoring/maintaining data integrity across multiple systems.",,https://ca.indeed.com/rc/clk?jk=39799f04a40d01a3&fccid=7b7909227bb8e2af&vjs=3
Senior Machine Learning Scientist,Microsoft,"Vancouver, BC",3 days ago,09/01/2021,We develop fundamental technologies and do applied research and development to enable better customer experiences for real-time collaboration.,,https://ca.indeed.com/rc/clk?jk=5bd014de40a3ab70&fccid=734cb5a01ee60f80&vjs=3
Product Manager Data & Analytics,iQmetrix,"Vancouver, BC",Today,09/01/2021,"This role will also work closely with the PM on the architecture and data science team (Neuro).
You will help build and develop the Data & Analytics Reporting…",,https://ca.indeed.com/rc/clk?jk=1166a6d201932af9&fccid=cbd933209a1c4370&vjs=3
Machine Learning Engineer (Wireless),Bluvec Technoligies Inc.,"Burnaby, BC",9 days ago,09/01/2021,"With core designers from Microsoft, Viavi, Fortinet and Dali wireless etc., we focus on designing IOT security products which provide detection, localization,…","$70,000 - $120,000 a year",https://ca.indeed.com/company/bluvec/jobs/Machine-Learning-Engineer-967221eb73dbd4e0?fccid=9101a4e8236e4d23&vjs=3
Machine Learning Scientist - Computer Vision,AbCellera Biologics,"Vancouver, BC",18 days ago,09/01/2021,"Experience dealing with big data.
Optimize machine learning and data science pipelines with a focus on scalability.
A minimum of 3 weeks’ vacation.",,https://ca.indeed.com/rc/clk?jk=18f959d3cbf0deff&fccid=6161745df4a18957&vjs=3
Data Scientist - RACE21,Teck Resources Limited,"Vancouver, BC",30+ days ago,09/01/2021,"Familiar with data modeling and different data structures and algorithms.
Ensures all automated processes preserve data by managing the alignment of data…",,https://ca.indeed.com/rc/clk?jk=f63bb7155c426fdb&fccid=33dfaa8965cf2bf4&vjs=3
Data Scientist - Bus Priority Programs,TransLink,"Metro Vancouver Regional District, BC",1 day ago,09/01/2021,"Analyses extremely large, complex structured or unstructured data sets; merges large data sets as required to create new data sets or to generate insight from…","$68,564 a year",https://ca.indeed.com/company/TransLink/jobs/Data-Scientist-197bb8abb15b8c53?fccid=966bd00de3e8ab9d&vjs=3
Machine Learning Engineer Co-Op,Electronic Arts,"Vancouver, BC",3 days ago,09/01/2021,Understands how data is stored in databases and can write fast and reusable SQL and NOSQL code to retrieve it.,,https://ca.indeed.com/rc/clk?jk=e6a687f1ec940e04&fccid=617d7f961cfcf54a&vjs=3
Data Scientist,Fantuan Technology Ltd,"Burnaby, BC",30+ days ago,09/01/2021,"Data analysis: 2 years (Required).
Have 2+ years of working experience in a data analysis or similar role.
Interpret, evaluate, and interrelate research data…",,https://ca.indeed.com/company/Just-Order-Enterprise-Corp./jobs/Data-Scientist-3e739a6aa84f5505?fccid=d8ddff9f4870d4dd&vjs=3
Data Scientist,Kabam,"Vancouver, BC",30+ days ago,09/01/2021,"2+ years of industry experience translating data into actionable company insights.
Build Machine Learning Algorithms for data products to be implemented in-game…",,https://ca.indeed.com/rc/clk?jk=f6d128507d45e87a&fccid=fde47f06a6b44d5e&vjs=3
Senior Data Analyst/Engineer,Microsoft,"Vancouver, BC",Today,09/01/2021,"As an embedded data analyst/engineer, you will partner with data scientists and product teams, to build full stack data science solutions using data from some…",,https://ca.indeed.com/rc/clk?jk=ddc0f02f4c1cd2b9&fccid=734cb5a01ee60f80&vjs=3
"Data Engineer & Scientist, Digital Services",Stantec,"Vancouver, BC",30+ days ago,09/01/2021,"Experience in an ML engineer or data scientist role building ML models.
Experience handling terabyte size datasets, diving into data to discover hidden patterns…",,https://ca.indeed.com/rc/clk?jk=a1793b505f155f83&fccid=f1582c464db8553b&vjs=3
Sr. Data Scientist,"AMZN CAN Fulfillment Svcs, ULC","Vancouver, BC",4 days ago,09/01/2021,"Ability to clean, transform, and merge your own data in a procedural language like Python or R.
This is a unique, high visibility opportunity for someone who…",,https://ca.indeed.com/rc/clk?jk=67c16687ea370648&fccid=fe2d21eef233e94a&vjs=3
Temporary Clinical Data Scientist - Remote Position,MAPS PBC,"Vancouver, BC",30+ days ago,09/01/2021,"Reviews data transfers for ongoing trials to identify study conduct or data quality issues.
Analyzes data in SAS, creates graphs and tables for regulatory…",,https://ca.indeed.com/rc/clk?jk=6d0fa9975344bcd9&fccid=b8abf451ecb1b1ca&vjs=3
Intermediate Data Analyst,Unbounce,"Vancouver, BC",30+ days ago,09/01/2021,"You’re familiar with 3rd party tooling and data integrations, and at monitoring/maintaining data integrity across multiple systems.",,https://ca.indeed.com/rc/clk?jk=39799f04a40d01a3&fccid=7b7909227bb8e2af&vjs=3
Remote PT Data Science Mentor,Lighthouse Labs,"Vancouver, BC",30+ days ago,09/01/2021,You’ll either be helping students in our Bootcamps and Introductory programs or mentoring junior developers and junior data scientists throughout their first…,$30 - $50 an hour,https://ca.indeed.com/rc/clk?jk=c77b5c313a0335f4&fccid=6f3cdaca3f302315&vjs=3
Data Analyst,External,"Vancouver, BC",30+ days ago,09/01/2021,"The work is a mix of data exploration, hypothesis testing, database administration, data analysis, and business intelligence.",,https://ca.indeed.com/rc/clk?jk=0b700a6f8d0a00be&fccid=0c10910a7ccf3c63&vjs=3
Senior Data Scientist - RACE21,Teck Resources Limited,"Vancouver, BC",30+ days ago,09/01/2021,"Familiar with data modeling and different data structures and algorithms.
Ensures all automated processes preserve data by managing the alignment of data…",,https://ca.indeed.com/rc/clk?jk=aa5645ca61c4b611&fccid=33dfaa8965cf2bf4&vjs=3
Data Scientist,Lightspark Software,"Vancouver, BC",17 days ago,09/01/2021,"Experience working with geospatial data.
Data science & software development: 4 years (Required).
Extending company’s data with third party sources of…","$70,000 - $85,000 a year",https://ca.indeed.com/company/Lightspark-Software/jobs/Data-Scientist-9616e5ffa800dff7?fccid=0f7ee41d71e9eb6a&vjs=3
Senior Data Scientist - Forecasting,Finning International Inc.,"Vancouver, BC",30+ days ago,09/01/2021,"Build solutions that are reliable and robust, leveraging best practices in both software development and data science.",,https://ca.indeed.com/rc/clk?jk=6efe990a5fac160e&fccid=2be2e0dbc5a42997&vjs=3
"Associate Educator, Data Scientist",BrainStation,"Vancouver, BC",30+ days ago,09/01/2021,"Actively work on writing and researching new content to teach the most up to date skills in data science to our students.
Experience building and leading teams.",,https://ca.indeed.com/rc/clk?jk=72d6b5d01018ad65&fccid=163ccc336a959b8b&vjs=3
Applied Research Scientist,Grammarly,"Vancouver, BC",30+ days ago,09/01/2021,"Ruthlessly follows the data, looking for evidence to disconfirm hypotheses and changing perspectives when that's what the data indicates.",,https://ca.indeed.com/rc/clk?jk=7302fd68118f09a3&fccid=0555014e7bce64c3&vjs=3
Applied Scientist - Selection Monitoring Team,"AMZN CAN Fulfillment Svcs, ULC","Vancouver, BC",24 days ago,09/01/2021,"As an experienced machine learning scientist you will lead investigations and set the direction for the team by applying techniques from machine learning,…",,https://ca.indeed.com/rc/clk?jk=c6cd07efc0e341c5&fccid=fe2d21eef233e94a&vjs=3
Senior Data Scientist,Oracle,"Vancouver, BC",30+ days ago,09/01/2021,"A data scientist is someone who makes value out of data.
Develop custom data models and algorithms to apply to data sets.
5 years relevant work experience.",,https://ca.indeed.com/rc/clk?jk=3e1ad572cdaa8532&fccid=cd22d01053af7669&vjs=3
Data Scientist,Awakedata,"Burnaby, BC",30+ days ago,09/01/2021,"Experience with big data techniques (Hadoop, MapReduce, Spark).
Develop and implement scalable and efficient modeling algorithms that can work with large-scale…",,https://ca.indeed.com/rc/clk?jk=70f94647da6ef0b2&fccid=b0a5f2da0fe91db2&vjs=3
Data Scientist,Providence Health Care,"Vancouver, BC",30+ days ago,09/01/2021,Reviews clinical data at aggregate levels on a regular basis using analytical reporting tools to support the identification of risks and data patterns or trends…,,https://ca.indeed.com/rc/clk?jk=ba662e5eccb30cd6&fccid=e98b37c86f8eec83&vjs=3
Data Analyst/Engineer,Microsoft,"Vancouver, BC",Today,09/01/2021,"As an embedded data analyst/engineer, you will partner with data scientists and product teams, to build full stack data science solutions using data from some…",,https://ca.indeed.com/rc/clk?jk=9c10eaab45b32360&fccid=734cb5a01ee60f80&vjs=3
"Senior Data Scientist, Intact Lab",Intact,"Vancouver, BC",30+ days ago,09/01/2021,"Help maintain our data mining tools and platforms.
5 years of experience in the field of advanced statistics, machine learning or big data.",,https://ca.indeed.com/rc/clk?jk=cce4923092956c1c&fccid=be7195d2ebb48351&vjs=3
Senior Data Analyst,Brunel,"Vancouver, BC",30+ days ago,09/01/2021,"Assists in building and maintaining data and data cleanup exercises.
Builds data set requirements, metrics, data/report definitions and establishes reporting…",,https://ca.indeed.com/pagead/clk?mo=r&ad=-6NYlbfkN0B_71Ak7_QemnWrY8Cl22B58NowcISnz2ysQEA8DE9BVrxGtC8uBt4e0XAownkkhkYDYlnDcFaYjhhy70EzhRJRSeMNQrQhc3ozTveo36iVmn3kEUj9SJN-ghse4TJOqKBVz7jLkmKfJrZw9Zg6XkJdrlzicYFbwN010Z_5bBCsXTHxEXPcbv_orrLK24hAlHPvnvTpaKi-hzTar7FkAKnc2LEgPEc-UNlZDLFD-FL0t88-FsUxVciJdBcvY8her2Kib9DZH4jYyMJwkLOmKq0YsbzBnTDS6egUO2paf_XgWKOuomDkyiT4r2ndphQkNaaQtYaj5wBPGm46Z_pA5qoujqg0d6DxrupAza4QU97-RvITzHLVnE8dzzRUVsk6AtiClYf2hG8uJZ0zv8B5olWf8NNeiCkKZAwiBLhFwuMOPXYCbJtF2muXmzciqFfHOON5vJriIK3Wb9Y2SSwzmoe_6sYE5XHE3BuBxsHK1o-syckqL7M6FNDmStTEbLxofhwBDvCw40488FnE2zLqh278p0ejkNCYvoGa-zM6R5OjMmR1-h5hwk2y8BCTnCnBBS36sOP3bUFXev9S5XLE50PcVUhbG7zafotBjvF8mPvDTow6hsv5jE4k4yqiszieqv9wBfXdvr_DUMWdMshto-EHkOstvQoUQIsl14W7e3_6I1yov3bf75_W&p=12&fvj=0&vjs=3
Software Engineer - Machine Learning,Workday,"Vancouver, BC",4 days ago,09/01/2021,"Develop relationships with software engineers, machine learning engineers, and data scientists on partner teams.
Experience with data pipelines (e.g. Airflow).",,https://ca.indeed.com/rc/clk?jk=3b889df449daa6fb&fccid=9ac45d217f8342a1&vjs=3
"Educator, Data Scientist",BrainStation,"Vancouver, BC",30+ days ago,09/01/2021,"Actively work on writing and researching new content to teach the most up to date skills in data science to our students.
Experience building and leading teams.",,https://ca.indeed.com/rc/clk?jk=da234ef9217b077a&fccid=163ccc336a959b8b&vjs=3
Data Scientist,Awakedata,"Burnaby, BC",30+ days ago,09/01/2021,"Experience with big data techniques (Hadoop, MapReduce, Spark).
Develop and implement scalable and efficient modeling algorithms that can work with large-scale…",,https://ca.indeed.com/rc/clk?jk=70f94647da6ef0b2&fccid=b0a5f2da0fe91db2&vjs=3
Data Scientist,Providence Health Care,"Vancouver, BC",30+ days ago,09/01/2021,Reviews clinical data at aggregate levels on a regular basis using analytical reporting tools to support the identification of risks and data patterns or trends…,,https://ca.indeed.com/rc/clk?jk=ba662e5eccb30cd6&fccid=e98b37c86f8eec83&vjs=3
"Software Engineer, Machine Learning Platform",Grammarly,"Vancouver, BC",30+ days ago,09/01/2021,Understands data structures and algorithms at a level sufficient to write performant code when working with large datasets or large incoming data streams.,,https://ca.indeed.com/rc/clk?jk=85190e0d8a77a5ad&fccid=0555014e7bce64c3&vjs=3
Data Science Team Lead,Jungle Scout,"Vancouver, BC",28 days ago,09/01/2021,Plan. You will work with product managers and data scientists and play an active role in defining the roadmap.,,https://ca.indeed.com/rc/clk?jk=a6aae55cb13ca9ed&fccid=63b881e844df68e4&vjs=3
Business Intelligence Analyst,Cymax Stores,"Vancouver, BC",30+ days ago,09/01/2021,"Passion for data analysis and visualization.
Experience with data warehouse concepts and foundations.
Experience with relational and non-relational data sources…",,https://ca.indeed.com/rc/clk?jk=c43c63d81c75b795&fccid=1d146178a3bad219&vjs=3
Data Analyst/Engineer,Microsoft,"Vancouver, BC",Today,09/01/2021,"As an embedded data analyst/engineer, you will partner with data scientists and product teams, to build full stack data science solutions using data from some…",,https://ca.indeed.com/rc/clk?jk=9c10eaab45b32360&fccid=734cb5a01ee60f80&vjs=3
"Senior Data Scientist, Intact Lab",Intact,"Vancouver, BC",30+ days ago,09/01/2021,"Help maintain our data mining tools and platforms.
5 years of experience in the field of advanced statistics, machine learning or big data.",,https://ca.indeed.com/rc/clk?jk=cce4923092956c1c&fccid=be7195d2ebb48351&vjs=3
Computer Vision Scientist,Semios,"Vancouver, BC",16 days ago,09/01/2021,"Ability to translate product management, engineering, and business constraints into data science questions.
Strong ML programming skills necessary to identify…",,https://ca.indeed.com/rc/clk?jk=983350370be50b1f&fccid=d84702342d4b0d8f&vjs=3
Software Engineer - Machine Learning,Workday,"Vancouver, BC",4 days ago,09/01/2021,"Develop relationships with software engineers, machine learning engineers, and data scientists on partner teams.
Experience with data pipelines (e.g. Airflow).",,https://ca.indeed.com/rc/clk?jk=3b889df449daa6fb&fccid=9ac45d217f8342a1&vjs=3
Data Scientist II,"AMZN CAN Fulfillment Svcs, ULC","Vancouver, BC",30+ days ago,09/01/2021,"Proven track record in technically leading and mentoring scientists;
Strong CS fundamentals in data structures, problem solving, algorithm design and complexity…",,https://ca.indeed.com/rc/clk?jk=d69850cc7129b362&fccid=fe2d21eef233e94a&vjs=3
Senior Matchmaking Data Scientist,"DEMONWARE (CANADA) , INC.","Vancouver, BC",30+ days ago,09/01/2021,"Experience with data visualization, and tools (Kibana, Grafana etc).
Experience designing systems to make high volumes of data useable (using tools like Kafka,…",,https://ca.indeed.com/rc/clk?jk=061cbde4f9a81093&fccid=7f2db674856b119f&vjs=3
Senior Data Analyst,Brunel,"Vancouver, BC",30+ days ago,09/01/2021,"Assists in building and maintaining data and data cleanup exercises.
Builds data set requirements, metrics, data/report definitions and establishes reporting…",,https://ca.indeed.com/pagead/clk?mo=r&ad=-6NYlbfkN0B_71Ak7_QemnWrY8Cl22B58NowcISnz2ysQEA8DE9BVrxGtC8uBt4e0XAownkkhkYDYlnDcFaYjhhy70EzhRJRSeMNQrQhc3ozTveo36iVmn3kEUj9SJN-ghse4TJOqKBVz7jLkmKfJrZw9Zg6XkJdrlzicYFbwN0MROEQeIxiFfKhYXE-KygrR31-MlwF_Pvr7vwiBNq5AQ-09ZEy8CRq7s4qHFzWBoGihjQ__hNFd144DKJeX49lCaVhJZiz9VRKU8iv8PA3heak6zK6LYTJRipN638LgyEJj0St0Ma1QHF75xAXtLFGWR5PS_JCaVhBuxtOESwQjVCOzNm9WG6LlMyp8J0Wj2Mkug3wmeZ_l3sBqTuoAPMgHKLQ-u3-dTSkc7EUQ47gZGMEvdEhWTUNIB-OUz5GRD-NDzXJDP3iopMX4SjzH0rynI_hV9c8vtpxdu0YxHvhntdvtJeECK0jywb0FjwdZrJ3Y_4EqVeBDKPd3xUBU9E_Q54gfLMKfe5ctpAcc27CQh3Ks794QnFWminw5cx7jV6z0OCELNX0hanf8iYa5YEF-B3sRA3GUgxxUTgygKgqoLsewOOlBp6Bz3YtejzYUC146hFv19yFobqgL4sqGg8OfL71D7QddJWC_5DHKv673WWmVMcy3cOBWy555smC_6_Q99T8Uf77ShJGzURSA7_T&p=11&fvj=0&vjs=3
Data Scientist,Lightspark,"Vancouver, BC",30+ days ago,09/01/2021,"Experience working with geospatial data.
Enhancing data collection procedures to include information that is relevant for building analytic systems.",,https://ca.indeed.com/rc/clk?jk=1d9e179320a6422a&fccid=06926f09c00964a3&vjs=3
Data Scientist,Microsoft,"Vancouver, BC",23 days ago,09/01/2021,"Knowledge and experience in large scale data analytics, such as Spark.
Drive innovations in NLP applications, data insight and recommendation solutions focusing…",,https://ca.indeed.com/rc/clk?jk=cbd5162d5f845f08&fccid=734cb5a01ee60f80&vjs=3
Applied Scientist,"AMZN CAN Fulfillment Svcs, ULC","Vancouver, BC",30+ days ago,09/01/2021,"The successful candidate will (1) contribute to existing predictive, analytic, and algorithmic efforts already underway by infusing their deep knowledge of…",,https://ca.indeed.com/rc/clk?jk=8c8f2fccde404283&fccid=fe2d21eef233e94a&vjs=3
Computer Vision Scientist,Semios,"Vancouver, BC",16 days ago,09/01/2021,"Ability to translate product management, engineering, and business constraints into data science questions.
Strong ML programming skills necessary to identify…",,https://ca.indeed.com/rc/clk?jk=983350370be50b1f&fccid=d84702342d4b0d8f&vjs=3
Sr. Data Analyst,Electronic Arts,"Vancouver, BC",30+ days ago,09/01/2021,"Build and run data mining models.
Expert SQL skills including experience querying large, complex data sets.
Partner to develop requirements for dashboards, data…",,https://ca.indeed.com/rc/clk?jk=d8a9560475b2d585&fccid=617d7f961cfcf54a&vjs=3
Machine Learning Scientist - Sequence Space,AbCellera Biologics,"Vancouver, BC",18 days ago,09/01/2021,"Experience dealing with big data.
Optimize machine learning and data science pipelines with a focus on scalability.
A minimum of 3 weeks’ vacation.",,https://ca.indeed.com/rc/clk?jk=dc789ed7fd9d919b&fccid=6161745df4a18957&vjs=3
Senior Applied Scientist - Personalization,"AMZN CAN Fulfillment Svcs, ULC","Vancouver, BC",30+ days ago,09/01/2021,"Proven track record leading, mentoring, and growing teams of scientists.
As a Senior Applied Scientist, you will be responsible for designing, developing, and…",,https://ca.indeed.com/rc/clk?jk=bdb9e279d1f93d10&fccid=fe2d21eef233e94a&vjs=3
"Analyst, Business Intelligence",CPA Western School of Business,"Vancouver, BC",30+ days ago,09/01/2021,"Experience with data sourcing, data transformation, data load, data integration and conversion processes;
3+ years experience with data analytics;","$52,600 - $61,600 a year",https://ca.indeed.com/company/CPA-Western-School-of-Business/jobs/Analyst-4f503f8339e1c71d?fccid=62cfb7e60d657666&vjs=3
"Software Engineer, Back-End (Machine Learning)","Grammarly, Inc.","Vancouver, BC",30+ days ago,09/01/2021,"Is comfortable with data warehousing, data pipelines, ETL, best practices for moving data around, and real-time vs. offline compute options.",,https://ca.indeed.com/rc/clk?jk=edb5b13fbe8afde2&fccid=0555014e7bce64c3&vjs=3
"Associate Scientist, Machine Learning for Protein Design",Zymeworks,"Vancouver, BC",30+ days ago,09/01/2021,Leverage public databases and Zymeworks’ proprietary data as well as in-house computational infrastructure to develop scalable tools and automated workflows for…,,https://ca.indeed.com/rc/clk?jk=e8fe10d714bc82dd&fccid=e4d981a808c200d8&vjs=3
"Software Engineer, Machine Learning","Grammarly, Inc.","Vancouver, BC",30+ days ago,09/01/2021,Understands data structures and algorithms at a level sufficient to write performant code when working with large datasets or large incoming data streams.,,https://ca.indeed.com/rc/clk?jk=f80332a750e44adf&fccid=0555014e7bce64c3&vjs=3
Lead Data Scientist - RACE21,Teck Resources Limited,"Vancouver, BC",30+ days ago,09/01/2021,"Strong interpersonal skills and previous experience coaching and mentoring data scientists.
Provide expert guidance on Teck’s data, systems and environment to…",,https://ca.indeed.com/rc/clk?jk=2b8e32e32a1ae29b&fccid=33dfaa8965cf2bf4&vjs=3
Machine Learning Geoscientist,DATACLOUD,"Vancouver, BC",30+ days ago,09/01/2021,"Study and transform data science prototypes for the geoscience specific data streams.
Select appropriate datasets and data representation methods.",,https://ca.indeed.com/rc/clk?jk=8df82cc31dac25bd&fccid=c101d2f34386322e&vjs=3
Senior Data Analyst,Brunel,"Vancouver, BC",30+ days ago,09/01/2021,"Assists in building and maintaining data and data cleanup exercises.
Builds data set requirements, metrics, data/report definitions and establishes reporting…",,https://ca.indeed.com/pagead/clk?mo=r&ad=-6NYlbfkN0B_71Ak7_QemnWrY8Cl22B58NowcISnz2ysQEA8DE9BVrxGtC8uBt4e0XAownkkhkYDYlnDcFaYjhhy70EzhRJRSeMNQrQhc3ozTveo36iVmn3kEUj9SJN-ghse4TJOqKBVz7jLkmKfJrZw9Zg6XkJdrlzicYFbwN0e7az5ZpbFFf-0Sfx4deWCcNU9_-8-VbTwm6ToHb8_tmtjIDCoQoDPtOC4HRLH8KPeltz2kD9X3UbS10-kdETklxqWGu5LA6IJ1UcUJev3ibqFquwpghxy_cUFYHERT-tva4IjSc5zqMX3oyDOF-r838E3A-ybTUCZcdDzu9Rg6GdLfpT7xNSe9VGP6wqS-MtghbHJpFOyjeL1m19L4kFDoD5-Y2g_EJhoHDjG6KrymxhAIWJVSdkLDNBKSwfj7Cezdhmtxflcq_BoRzDUW1-R1ZDDm-SipdXEfZH86MOSJToprAvj30VPqxll9BSrztKoz-1tHsPzhHEHBFnJQDUnQj1P0CtDOYRG73Up5ZRpEVKnvRxVFVk8PHv_97aVLuWxnVW95zbTI1STZ3W-VvLpzmA2MrLi-U43ld3N098Ypk3exB5YtSsj8-_Nxpt42Xt8nSonpGYdN44LF1B04oHV6wP3REYz5VTcEAD4t1PVBO3ZZkCGylTpuxey3u6qK98Zp1yqi_hC_pW9oiR9h_8a&p=10&fvj=0&vjs=3
"Senior Developer, Analytics and Machine Learning",Global Relay,"Vancouver, BC",30+ days ago,09/01/2021,"Experience with design patterns, data structures, algorithms.
As a Senior Developer in the Analytics group you will be building and deploying machine learning…",,https://ca.indeed.com/rc/clk?jk=bafe62782602fad1&fccid=0d3fa1b8c4aea5ad&vjs=3
"Manager, Business Intelligence - AWS Product BI",Amazon Dev Centre Canada ULC,"Vancouver, BC",2 days ago,09/01/2021,Partner with Data engineering team to define the data elements and data structure that the team should leverage to enable analytical capabilities.,,https://ca.indeed.com/rc/clk?jk=c5349b5eb803d6cc&fccid=fe2d21eef233e94a&vjs=3
Machine Learning Developer,Conexiom,"Vancouver, BC",30+ days ago,09/01/2021,As a intermediate or senior developer with Machine Learning or AI background you will be a key member of our development team delivering on the vision for the…,,https://ca.indeed.com/rc/clk?jk=b7d9f4db8f3b9b42&fccid=248e604a1629acaf&vjs=3
Machine Learning Engineer Co-Op - (Masters or PhD student),Electronic Arts,"Vancouver, BC",3 days ago,09/01/2021,"You will promote data culture using practical knowledge.
Familiarity with machine learning, statistical analysis, and data science.",,https://ca.indeed.com/rc/clk?jk=5e8f64cdd660af9c&fccid=617d7f961cfcf54a&vjs=3
Lead Machine Learning Engineer,Patriot One Technologies,"Vancouver, BC",30+ days ago,09/01/2021,Lead other machine learning engineers and data scientists with technical decisions to deploy models to product and integrate them with new or existing services.,,https://ca.indeed.com/rc/clk?jk=9c5baeaca74cec3f&fccid=8377f6e456c2ebfb&vjs=3
Senior Statistician,PHSA,"Vancouver, BC",30+ days ago,09/01/2021,Undertake self-directed analyses of data quality and data validity for the purpose of proposing improvements in data processing and data handling.,,https://ca.indeed.com/rc/clk?jk=09ce7e0ec88e1239&fccid=f66f721a44de3765&vjs=3
Senior Business Intelligence Analyst,Cymax Stores,"Vancouver, BC",30+ days ago,09/01/2021,"Experience with data warehouse concepts and foundations.
Experience with relational and non-relational data sources.",,https://ca.indeed.com/rc/clk?jk=fc6a2b2c0ab87d57&fccid=1d146178a3bad219&vjs=3
Sr. Backend Software Engineer - Machine Learning Team,Splunk,"Vancouver, BC",3 days ago,09/01/2021,"For this role knowledge of data science or ML concepts is not vital, but you must have an understanding of the data science workflow and be passionate about…",,https://ca.indeed.com/rc/clk?jk=64f07a5f27b16ee1&fccid=aef928e89977f7f0&vjs=3
Data Engineer - Machine Learning,Prenuvo Inc,"Vancouver, BC",30+ days ago,09/01/2021,"The data engineer establishes and maintains scalable, reliable, and efficient data pipelines for data inquiry, model implementation & monitoring.",,https://ca.indeed.com/rc/clk?jk=1d08e3bc9c713529&fccid=7cbd0ab047998f20&vjs=3
Machine Learning Engineer,MobSquad,"Vancouver, BC",30+ days ago,09/01/2021,"You have strong attention to detail, translating to strength in data quality verification to enable clean data at all times.",,https://ca.indeed.com/rc/clk?jk=1c8d10cdb6a647f0&fccid=e140fb6d05504c9a&vjs=3
Senior Data Analyst,Brunel,"Vancouver, BC",30+ days ago,09/01/2021,"Assists in building and maintaining data and data cleanup exercises.
Builds data set requirements, metrics, data/report definitions and establishes reporting…",,https://ca.indeed.com/pagead/clk?mo=r&ad=-6NYlbfkN0B_71Ak7_QemnWrY8Cl22B58NowcISnz2ysQEA8DE9BVrxGtC8uBt4e0XAownkkhkYDYlnDcFaYjhhy70EzhRJRSeMNQrQhc3ozTveo36iVmn3kEUj9SJN-ghse4TJOqKBVz7jLkmKfJrZw9Zg6XkJdrlzicYFbwN1j5HtwIqeACp2ChoPhj3jiIutU1r4CDQEmT9_wVLmaHv-tu0yXzPB7Exa7Z8lLLT0yJtmoSiBeiZNLgCz15o5AdARuXEvLV8DF9aDWFde1cz5_cFhK-bB8JbXt0b5xuA68riXDM6ala1ReEKjJvvu1NLVVEO-JhHRlALqaQ6b8CZbdE92SHWUHYcAmx-WdwvSCT9tNDZ_8y9vuoXgyy27mqTBnfA7fvN2M6d4rgBZQ4nMpQqtpbQ2UEu3-q6v8JVjxSuxGxV-Ra3fU0Rev9W9sFyMpyfqLb4fQrg1eVPkA8pWLvemiOdcqQr2kZYb66mN4uQUBRiyKThvz5V12QlMS8_1LgrNiPyndTDVnm6qMLhTDedYK_006DQyTJkzDCoop_mPFB1_mGeTSYQO6wRpbUdSuo7HxctRYdCVVkDbJ-yipa341etvKjhfJsxTj8w5epz0DBzqk86zVB11sbEvE6CkDeetdEnvyyXHlQv44TX-qknShq0IEl_0wT0d0ry4sF1lmOum0KidoYI8FxBdU&p=6&fvj=0&vjs=3
3D Machine Learning Engineer,Ziva Dynamics,"Vancouver, BC",30+ days ago,09/01/2021,Ziva is looking for a talented software engineer to implement and deploy cutting-edge machine learning technologies to create state-of-the-art 3D character…,,https://ca.indeed.com/rc/clk?jk=b76d8c58094bfd02&fccid=924e03f8f562987a&vjs=3
Senior Game Data Analyst,Kabam,"Vancouver, BC",30+ days ago,09/01/2021,"Finding answers to business questions via hands-on exploration of data sets using SQL, dashboards, statistical analysis, and data visualizations.",,https://ca.indeed.com/rc/clk?jk=a2b19e4bcc47f97e&fccid=fde47f06a6b44d5e&vjs=3
"Senior Outbound Product Manager, Machine Learning",Workday,"Vancouver, BC",30+ days ago,09/01/2021,"Analytical - Able to review data and synthesize findings.
Problem Solving - thinks about problems from different perspectives and leverages data driven analysis…",,https://ca.indeed.com/rc/clk?jk=0adc9602e5a06eec&fccid=9ac45d217f8342a1&vjs=3
BI/Media Analyst,Noise,"Vancouver, BC",30+ days ago,09/01/2021,"Configuring data sources to share data with web analytics and business intelligence tools.
Identifying opportunities to capture additional user behavior data.",,https://ca.indeed.com/rc/clk?jk=05de0c8b964c4364&fccid=350161138adcccdd&vjs=3
Specialist Business Intelligence Performance Measurement and Reporting,PHSA,"Vancouver, BC",30+ days ago,09/01/2021,"Lead the identification of new data sources and implements data extraction routines from departmental feeder systems.
Job type: Regular Full-Time.",,https://ca.indeed.com/rc/clk?jk=b61f8821ec9c0cda&fccid=f66f721a44de3765&vjs=3
Software Developer (Deep Learning),PDFTron Systems Inc.,"Vancouver, BC",30+ days ago,09/01/2021,"PDFTron is an industry-leading provider of document processing technology that powers everything from traditional desktop software (like AutoCAD), to web apps …",,https://ca.indeed.com/rc/clk?jk=f3a67c55635827cf&fccid=f864beb9a05023bc&vjs=3
Sr Applied Scientist,"AMZN CAN Fulfillment Svcs, ULC","Vancouver, BC",30+ days ago,09/01/2021,"Proven track record in technically leading and mentoring scientists;
Strong CS fundamentals in data structures, problem solving, algorithm design and complexity…",,https://ca.indeed.com/rc/clk?jk=8eb55188e9f92362&fccid=fe2d21eef233e94a&vjs=3
